/*
SQLyog Enterprise v12.09 (64 bit)
MySQL - 5.7.19 : Database - royal-manager
*********************************************************************
*/

/*!40101 SET NAMES utf8 */;

/*!40101 SET SQL_MODE=''*/;

/*!40014 SET @OLD_UNIQUE_CHECKS=@@UNIQUE_CHECKS, UNIQUE_CHECKS=0 */;
/*!40014 SET @OLD_FOREIGN_KEY_CHECKS=@@FOREIGN_KEY_CHECKS, FOREIGN_KEY_CHECKS=0 */;
/*!40101 SET @OLD_SQL_MODE=@@SQL_MODE, SQL_MODE='NO_AUTO_VALUE_ON_ZERO' */;
/*!40111 SET @OLD_SQL_NOTES=@@SQL_NOTES, SQL_NOTES=0 */;
CREATE DATABASE /*!32312 IF NOT EXISTS*/`royal-manager` /*!40100 DEFAULT CHARACTER SET utf8mb4 COLLATE utf8mb4_unicode_ci */;

USE `royal-manager`;

/*Table structure for table `car_brands` */

DROP TABLE IF EXISTS `car_brands`;

CREATE TABLE `car_brands` (
  `id` int(10) unsigned NOT NULL AUTO_INCREMENT,
  `name` varchar(191) COLLATE utf8mb4_unicode_ci NOT NULL,
  `description` text COLLATE utf8mb4_unicode_ci,
  `active` tinyint(1) NOT NULL DEFAULT '0',
  `created_at` timestamp NULL DEFAULT NULL,
  `updated_at` timestamp NULL DEFAULT NULL,
  `car_category_id` int(10) unsigned NOT NULL,
  `image` varchar(191) COLLATE utf8mb4_unicode_ci DEFAULT NULL,
  PRIMARY KEY (`id`),
  KEY `car_brands_car_category_id_foreign` (`car_category_id`),
  CONSTRAINT `car_brands_car_category_id_foreign` FOREIGN KEY (`car_category_id`) REFERENCES `car_categories` (`id`)
) ENGINE=InnoDB AUTO_INCREMENT=255 DEFAULT CHARSET=utf8mb4 COLLATE=utf8mb4_unicode_ci;

/*Data for the table `car_brands` */

insert  into `car_brands`(`id`,`name`,`description`,`active`,`created_at`,`updated_at`,`car_category_id`,`image`) values (222,'Model 1','Model 1',1,'2018-06-10 21:11:02','2018-06-10 21:11:02',8,'5b1d93e646292.jpg'),(224,'Model 3','Model 3',1,'2018-06-10 21:12:09','2018-06-10 21:21:45',5,'5b1d94295419a.jpg'),(225,'Model 4','Model 4',0,'2018-06-10 21:12:22','2018-06-10 21:21:52',9,'5b1d94369dcd5.jpg'),(226,'Model 5','Model 5',1,'2018-06-10 21:12:34','2018-06-10 21:12:34',12,'5b1d944245311.jpg'),(227,'Model 6','Model 6',1,'2018-06-10 21:12:47','2018-06-10 21:22:09',8,'5b1d944f1930e.jpg'),(228,'Model 7','Model 7',1,'2018-06-10 21:13:20','2018-06-10 21:13:20',6,'5b1d9470638f9.jpg'),(229,'Model 8','Model 8',0,'2018-06-10 21:13:48','2018-06-10 21:21:10',5,'5b1d948cc4b7e.jpg'),(230,'Model 9','Model 9',1,'2018-06-10 21:14:29','2018-06-10 21:14:29',9,'5b1d94b5b3348.jpg'),(231,'Model 10','Model 10',1,'2018-06-10 21:14:47','2018-06-10 21:14:47',12,'5b1d94c7cad3c.jpg'),(232,'Model 11','Model 11',0,'2018-06-10 21:15:47','2018-06-10 21:21:21',8,'5b1d9503d4655.jpg'),(233,'Model 12','Model 12',1,'2018-06-10 21:15:57','2018-06-10 21:15:57',6,'5b1d950dd6073.jpg'),(234,'Model 13','Model 13',0,'2018-06-10 21:16:10','2018-06-10 21:21:29',5,'5b1d951a78d7f.jpg'),(235,'Model 14','Model 14',1,'2018-06-10 21:16:22','2018-06-10 21:16:22',12,'5b1d9526da761.jpg'),(236,'Model 15','Model 15',1,'2018-06-10 21:16:36','2018-06-10 21:17:06',9,'5b1d9552a1e88.jpg'),(254,'Model 2','Model 2',0,'2018-06-10 22:54:15','2018-07-19 01:43:33',6,'5b1dac176649d.jpg');

/*Table structure for table `car_categories` */

DROP TABLE IF EXISTS `car_categories`;

CREATE TABLE `car_categories` (
  `id` int(10) unsigned NOT NULL AUTO_INCREMENT,
  `name` varchar(191) COLLATE utf8mb4_unicode_ci NOT NULL,
  `description` text COLLATE utf8mb4_unicode_ci,
  `active` tinyint(1) NOT NULL DEFAULT '0',
  `created_at` timestamp NULL DEFAULT NULL,
  `updated_at` timestamp NULL DEFAULT NULL,
  PRIMARY KEY (`id`)
) ENGINE=InnoDB AUTO_INCREMENT=13 DEFAULT CHARSET=utf8mb4 COLLATE=utf8mb4_unicode_ci;

/*Data for the table `car_categories` */

insert  into `car_categories`(`id`,`name`,`description`,`active`,`created_at`,`updated_at`) values (5,'Category 3','Category 3',1,'2018-05-20 05:46:12','2018-05-21 02:03:16'),(6,'Category 2','Category 2',1,'2018-05-20 05:51:01','2018-05-21 02:03:08'),(8,'Category 1','Category 1',1,'2018-05-21 01:57:03','2018-07-19 01:41:27'),(9,'Category 4','Category 4',1,'2018-05-21 02:03:24','2018-05-21 02:03:24'),(12,'Category 5','Category 5',1,'2018-06-09 19:49:11','2018-06-09 19:49:11');

/*Table structure for table `hotel_board_types` */

DROP TABLE IF EXISTS `hotel_board_types`;

CREATE TABLE `hotel_board_types` (
  `id` int(10) unsigned NOT NULL AUTO_INCREMENT,
  `name` varchar(191) COLLATE utf8mb4_unicode_ci NOT NULL,
  `description` varchar(191) COLLATE utf8mb4_unicode_ci DEFAULT NULL,
  `code` varchar(191) COLLATE utf8mb4_unicode_ci NOT NULL,
  `active` tinyint(1) NOT NULL DEFAULT '0',
  `created_at` timestamp NULL DEFAULT NULL,
  `updated_at` timestamp NULL DEFAULT NULL,
  PRIMARY KEY (`id`)
) ENGINE=InnoDB AUTO_INCREMENT=15 DEFAULT CHARSET=utf8mb4 COLLATE=utf8mb4_unicode_ci;

/*Data for the table `hotel_board_types` */

insert  into `hotel_board_types`(`id`,`name`,`description`,`code`,`active`,`created_at`,`updated_at`) values (9,'BED & BREAKFAST',NULL,'BB',1,'2018-07-17 22:58:19','2018-07-22 14:09:59'),(12,'HALF BOARD',NULL,'HB',1,'2018-07-31 08:07:51','2018-07-31 08:08:13'),(13,'FULL BOARD',NULL,'FB',1,'2018-07-31 08:08:37','2018-07-31 08:08:37'),(14,'ALL INCLUSIVE',NULL,'AI',1,'2018-08-03 01:12:20','2018-08-03 01:12:20');

/*Table structure for table `hotel_contract_board_type` */

DROP TABLE IF EXISTS `hotel_contract_board_type`;

CREATE TABLE `hotel_contract_board_type` (
  `id` int(10) unsigned NOT NULL AUTO_INCREMENT,
  `hotel_contract_id` int(10) unsigned NOT NULL,
  `hotel_board_type_id` int(10) unsigned NOT NULL,
  `created_at` timestamp NULL DEFAULT NULL,
  `updated_at` timestamp NULL DEFAULT NULL,
  PRIMARY KEY (`id`),
  KEY `hotel_contract_board_type_hotel_board_type_id_foreign` (`hotel_board_type_id`),
  KEY `hotel_contract_board_type_hotel_contract_id_foreign` (`hotel_contract_id`),
  CONSTRAINT `hotel_contract_board_type_hotel_board_type_id_foreign` FOREIGN KEY (`hotel_board_type_id`) REFERENCES `hotel_board_types` (`id`),
  CONSTRAINT `hotel_contract_board_type_hotel_contract_id_foreign` FOREIGN KEY (`hotel_contract_id`) REFERENCES `hotel_contracts` (`id`) ON DELETE CASCADE
) ENGINE=InnoDB AUTO_INCREMENT=142 DEFAULT CHARSET=utf8mb4 COLLATE=utf8mb4_unicode_ci;

/*Data for the table `hotel_contract_board_type` */

insert  into `hotel_contract_board_type`(`id`,`hotel_contract_id`,`hotel_board_type_id`,`created_at`,`updated_at`) values (125,60,14,'2018-08-03 01:36:54','2018-08-03 01:36:54'),(126,61,14,'2018-08-03 01:39:41','2018-08-03 01:39:41'),(127,62,14,'2018-08-03 01:41:06','2018-08-03 01:41:06'),(128,63,14,'2018-08-03 01:42:18','2018-08-03 01:42:18'),(129,64,14,'2018-08-03 01:44:16','2018-08-03 01:44:16'),(130,65,9,'2018-08-03 01:46:13','2018-08-03 01:46:13'),(131,66,14,'2018-08-03 01:47:25','2018-08-03 01:47:25'),(132,67,9,'2018-08-03 01:48:30','2018-08-03 01:48:30'),(133,68,12,'2018-08-03 01:53:37','2018-08-03 01:53:37'),(134,69,9,'2018-08-03 01:54:42','2018-08-03 01:54:42'),(135,70,9,'2018-08-03 01:59:27','2018-08-03 01:59:27'),(136,71,14,'2018-08-03 02:00:34','2018-08-03 02:00:34'),(137,72,13,'2018-08-03 02:02:04','2018-08-03 02:02:04'),(141,76,14,'2018-09-30 19:56:33','2018-09-30 19:56:33');

/*Table structure for table `hotel_contract_clients` */

DROP TABLE IF EXISTS `hotel_contract_clients`;

CREATE TABLE `hotel_contract_clients` (
  `id` int(10) unsigned NOT NULL AUTO_INCREMENT,
  `hotel_contract_id` int(10) unsigned NOT NULL,
  `client_id` int(10) unsigned NOT NULL,
  `hotel_contract_market_id` int(10) unsigned NOT NULL,
  `name` varchar(191) COLLATE utf8mb4_unicode_ci NOT NULL,
  `active` tinyint(1) NOT NULL DEFAULT '0',
  `created_at` timestamp NULL DEFAULT NULL,
  `updated_at` timestamp NULL DEFAULT NULL,
  PRIMARY KEY (`id`),
  KEY `hotel_contract_clients_hotel_contract_market_id_foreign` (`hotel_contract_market_id`),
  KEY `hotel_contract_clients_client_id_foreign` (`client_id`),
  KEY `hotel_contract_clients_hotel_contract_id_foreign` (`hotel_contract_id`),
  CONSTRAINT `hotel_contract_clients_client_id_foreign` FOREIGN KEY (`client_id`) REFERENCES `users` (`id`),
  CONSTRAINT `hotel_contract_clients_hotel_contract_id_foreign` FOREIGN KEY (`hotel_contract_id`) REFERENCES `hotel_contracts` (`id`),
  CONSTRAINT `hotel_contract_clients_hotel_contract_market_id_foreign` FOREIGN KEY (`hotel_contract_market_id`) REFERENCES `hotel_contract_market` (`id`)
) ENGINE=InnoDB AUTO_INCREMENT=27 DEFAULT CHARSET=utf8mb4 COLLATE=utf8mb4_unicode_ci;

/*Data for the table `hotel_contract_clients` */

insert  into `hotel_contract_clients`(`id`,`hotel_contract_id`,`client_id`,`hotel_contract_market_id`,`name`,`active`,`created_at`,`updated_at`) values (25,76,89,66,'Abac - Brasilworld (2018 - 2019)',1,'2018-09-30 19:58:08','2018-09-30 19:58:08'),(26,76,90,67,'Abac - Agency2 (2018 - 2019)',1,'2018-09-30 19:58:51','2018-09-30 19:58:51');

/*Table structure for table `hotel_contract_market` */

DROP TABLE IF EXISTS `hotel_contract_market`;

CREATE TABLE `hotel_contract_market` (
  `id` int(10) unsigned NOT NULL AUTO_INCREMENT,
  `hotel_contract_id` int(10) unsigned NOT NULL,
  `market_id` int(10) unsigned NOT NULL,
  `type` int(11) NOT NULL,
  `value` double(8,2) NOT NULL,
  `round` int(11) NOT NULL,
  `created_at` timestamp NULL DEFAULT NULL,
  `updated_at` timestamp NULL DEFAULT NULL,
  PRIMARY KEY (`id`),
  KEY `id` (`id`),
  KEY `hotel_contract_market_market_id_foreign` (`market_id`),
  KEY `hotel_contract_market_hotel_contract_id_foreign` (`hotel_contract_id`),
  CONSTRAINT `hotel_contract_market_hotel_contract_id_foreign` FOREIGN KEY (`hotel_contract_id`) REFERENCES `hotel_contracts` (`id`) ON DELETE CASCADE,
  CONSTRAINT `hotel_contract_market_market_id_foreign` FOREIGN KEY (`market_id`) REFERENCES `markets` (`id`)
) ENGINE=InnoDB AUTO_INCREMENT=68 DEFAULT CHARSET=utf8mb4 COLLATE=utf8mb4_unicode_ci;

/*Data for the table `hotel_contract_market` */

insert  into `hotel_contract_market`(`id`,`hotel_contract_id`,`market_id`,`type`,`value`,`round`,`created_at`,`updated_at`) values (42,70,1,1,10.00,1,'2018-08-25 02:26:13','2018-08-25 16:22:05'),(43,63,1,1,10.00,1,'2018-08-25 02:27:02','2018-08-25 02:27:02'),(44,66,1,1,10.00,1,'2018-08-25 02:27:12','2018-08-25 02:27:12'),(45,64,1,1,10.00,1,'2018-08-25 02:28:57','2018-08-25 02:28:57'),(46,61,1,1,10.00,1,'2018-08-25 02:29:05','2018-08-25 02:29:05'),(47,67,1,1,10.00,1,'2018-08-25 02:29:13','2018-08-25 02:29:13'),(48,65,1,1,10.00,1,'2018-08-25 02:29:22','2018-08-25 02:29:22'),(49,62,1,1,10.00,1,'2018-08-25 02:29:31','2018-08-25 02:29:31'),(50,71,1,1,10.00,1,'2018-08-25 02:29:39','2018-08-25 02:29:39'),(51,60,1,1,10.00,1,'2018-08-25 02:29:48','2018-08-25 02:29:48'),(53,72,1,1,10.00,1,'2018-08-26 18:32:20','2018-08-26 18:32:20'),(54,69,1,1,10.00,1,'2018-08-26 18:32:30','2018-08-26 18:32:30'),(55,68,1,1,10.00,1,'2018-08-26 18:32:44','2018-08-26 18:32:44'),(65,76,1,1,10.00,1,'2018-09-30 19:56:33','2018-09-30 19:56:33'),(66,76,5,2,10.00,2,'2018-09-30 19:56:33','2018-09-30 19:56:33'),(67,76,4,2,15.00,3,'2018-09-30 19:56:33','2018-09-30 19:56:33');

/*Table structure for table `hotel_contract_measure` */

DROP TABLE IF EXISTS `hotel_contract_measure`;

CREATE TABLE `hotel_contract_measure` (
  `id` int(10) unsigned NOT NULL AUTO_INCREMENT,
  `hotel_contract_id` int(10) unsigned NOT NULL,
  `hotel_measure_id` int(10) unsigned NOT NULL,
  `created_at` timestamp NULL DEFAULT NULL,
  `updated_at` timestamp NULL DEFAULT NULL,
  PRIMARY KEY (`id`),
  KEY `hotel_contract_measure_hotel_measure_id_foreign` (`hotel_measure_id`),
  KEY `hotel_contract_measure_hotel_contract_id_foreign` (`hotel_contract_id`),
  CONSTRAINT `hotel_contract_measure_hotel_contract_id_foreign` FOREIGN KEY (`hotel_contract_id`) REFERENCES `hotel_contracts` (`id`) ON DELETE CASCADE,
  CONSTRAINT `hotel_contract_measure_hotel_measure_id_foreign` FOREIGN KEY (`hotel_measure_id`) REFERENCES `hotel_measures` (`id`)
) ENGINE=InnoDB AUTO_INCREMENT=179 DEFAULT CHARSET=utf8mb4 COLLATE=utf8mb4_unicode_ci;

/*Data for the table `hotel_contract_measure` */

insert  into `hotel_contract_measure`(`id`,`hotel_contract_id`,`hotel_measure_id`,`created_at`,`updated_at`) values (133,60,1,'2018-08-03 01:36:54','2018-08-03 01:36:54'),(134,60,2,'2018-08-03 01:36:54','2018-08-03 01:36:54'),(136,61,1,'2018-08-03 01:39:41','2018-08-03 01:39:41'),(137,61,2,'2018-08-03 01:39:41','2018-08-03 01:39:41'),(139,62,1,'2018-08-03 01:41:06','2018-08-03 01:41:06'),(140,62,2,'2018-08-03 01:41:06','2018-08-03 01:41:06'),(142,63,1,'2018-08-03 01:42:18','2018-08-03 01:42:18'),(143,63,2,'2018-08-03 01:42:18','2018-08-03 01:42:18'),(145,64,1,'2018-08-03 01:44:16','2018-08-03 01:44:16'),(146,64,2,'2018-08-03 01:44:16','2018-08-03 01:44:16'),(148,65,1,'2018-08-03 01:46:13','2018-08-03 01:46:13'),(149,65,2,'2018-08-03 01:46:13','2018-08-03 01:46:13'),(151,66,1,'2018-08-03 01:47:25','2018-08-03 01:47:25'),(152,66,2,'2018-08-03 01:47:25','2018-08-03 01:47:25'),(154,67,1,'2018-08-03 01:48:30','2018-08-03 01:48:30'),(155,67,2,'2018-08-03 01:48:30','2018-08-03 01:48:30'),(157,68,1,'2018-08-03 01:53:37','2018-08-03 01:53:37'),(158,68,2,'2018-08-03 01:53:37','2018-08-03 01:53:37'),(160,69,1,'2018-08-03 01:54:42','2018-08-03 01:54:42'),(161,69,2,'2018-08-03 01:54:42','2018-08-03 01:54:42'),(163,70,1,'2018-08-03 01:59:27','2018-08-03 01:59:27'),(164,70,2,'2018-08-03 01:59:27','2018-08-03 01:59:27'),(166,71,1,'2018-08-03 02:00:34','2018-08-03 02:00:34'),(167,71,2,'2018-08-03 02:00:34','2018-08-03 02:00:34'),(169,72,1,'2018-08-03 02:02:04','2018-08-03 02:02:04'),(170,72,2,'2018-08-03 02:02:04','2018-08-03 02:02:04'),(177,76,1,'2018-09-30 19:56:33','2018-09-30 19:56:33'),(178,76,2,'2018-09-30 19:56:33','2018-09-30 19:56:33');

/*Table structure for table `hotel_contract_pax_type` */

DROP TABLE IF EXISTS `hotel_contract_pax_type`;

CREATE TABLE `hotel_contract_pax_type` (
  `id` int(10) unsigned NOT NULL AUTO_INCREMENT,
  `hotel_contract_id` int(10) unsigned NOT NULL,
  `hotel_pax_type_id` int(10) unsigned NOT NULL,
  `created_at` timestamp NULL DEFAULT NULL,
  `updated_at` timestamp NULL DEFAULT NULL,
  PRIMARY KEY (`id`),
  KEY `hotel_contract_pax_type_hotel_pax_type_id_foreign` (`hotel_pax_type_id`),
  KEY `hotel_contract_pax_type_hotel_contract_id_foreign` (`hotel_contract_id`),
  CONSTRAINT `hotel_contract_pax_type_hotel_contract_id_foreign` FOREIGN KEY (`hotel_contract_id`) REFERENCES `hotel_contracts` (`id`) ON DELETE CASCADE,
  CONSTRAINT `hotel_contract_pax_type_hotel_pax_type_id_foreign` FOREIGN KEY (`hotel_pax_type_id`) REFERENCES `hotel_pax_types` (`id`)
) ENGINE=InnoDB AUTO_INCREMENT=194 DEFAULT CHARSET=utf8mb4 COLLATE=utf8mb4_unicode_ci;

/*Data for the table `hotel_contract_pax_type` */

insert  into `hotel_contract_pax_type`(`id`,`hotel_contract_id`,`hotel_pax_type_id`,`created_at`,`updated_at`) values (151,60,23,'2018-08-03 01:36:54','2018-08-03 01:36:54'),(152,60,20,'2018-08-03 01:36:54','2018-08-03 01:36:54'),(153,60,21,'2018-08-03 01:36:54','2018-08-03 01:36:54'),(154,61,20,'2018-08-03 01:39:41','2018-08-03 01:39:41'),(155,61,21,'2018-08-03 01:39:41','2018-08-03 01:39:41'),(156,62,23,'2018-08-03 01:41:06','2018-08-03 01:41:06'),(157,62,20,'2018-08-03 01:41:06','2018-08-03 01:41:06'),(158,62,21,'2018-08-03 01:41:06','2018-08-03 01:41:06'),(159,63,23,'2018-08-03 01:42:18','2018-08-03 01:42:18'),(160,63,20,'2018-08-03 01:42:18','2018-08-03 01:42:18'),(161,63,21,'2018-08-03 01:42:18','2018-08-03 01:42:18'),(162,64,23,'2018-08-03 01:44:16','2018-08-03 01:44:16'),(163,64,20,'2018-08-03 01:44:16','2018-08-03 01:44:16'),(164,64,21,'2018-08-03 01:44:16','2018-08-03 01:44:16'),(165,65,20,'2018-08-03 01:46:13','2018-08-03 01:46:13'),(166,65,21,'2018-08-03 01:46:13','2018-08-03 01:46:13'),(167,66,20,'2018-08-03 01:47:25','2018-08-03 01:47:25'),(168,66,21,'2018-08-03 01:47:25','2018-08-03 01:47:25'),(169,67,23,'2018-08-03 01:48:30','2018-08-03 01:48:30'),(170,67,20,'2018-08-03 01:48:30','2018-08-03 01:48:30'),(171,67,21,'2018-08-03 01:48:30','2018-08-03 01:48:30'),(172,68,20,'2018-08-03 01:53:37','2018-08-03 01:53:37'),(173,68,21,'2018-08-03 01:53:37','2018-08-03 01:53:37'),(174,69,23,'2018-08-03 01:54:42','2018-08-03 01:54:42'),(175,69,20,'2018-08-03 01:54:42','2018-08-03 01:54:42'),(176,69,21,'2018-08-03 01:54:42','2018-08-03 01:54:42'),(177,70,20,'2018-08-03 01:59:27','2018-08-03 01:59:27'),(178,70,21,'2018-08-03 01:59:27','2018-08-03 01:59:27'),(179,71,23,'2018-08-03 02:00:34','2018-08-03 02:00:34'),(180,71,20,'2018-08-03 02:00:34','2018-08-03 02:00:34'),(181,71,21,'2018-08-03 02:00:34','2018-08-03 02:00:34'),(182,72,23,'2018-08-03 02:02:04','2018-08-03 02:02:04'),(183,72,21,'2018-08-03 02:02:04','2018-08-03 02:02:04'),(191,76,21,'2018-09-30 19:56:33','2018-09-30 19:56:33'),(192,76,20,'2018-09-30 19:56:33','2018-09-30 19:56:33'),(193,76,23,'2018-09-30 19:56:33','2018-09-30 19:56:33');

/*Table structure for table `hotel_contract_room_type` */

DROP TABLE IF EXISTS `hotel_contract_room_type`;

CREATE TABLE `hotel_contract_room_type` (
  `id` int(10) unsigned NOT NULL AUTO_INCREMENT,
  `hotel_contract_id` int(10) unsigned NOT NULL,
  `hotel_room_type_id` int(10) unsigned NOT NULL,
  `created_at` timestamp NULL DEFAULT NULL,
  `updated_at` timestamp NULL DEFAULT NULL,
  PRIMARY KEY (`id`),
  KEY `hotel_contract_room_type_hotel_room_type_id_foreign` (`hotel_room_type_id`),
  KEY `hotel_contract_room_type_hotel_contract_id_foreign` (`hotel_contract_id`),
  CONSTRAINT `hotel_contract_room_type_hotel_contract_id_foreign` FOREIGN KEY (`hotel_contract_id`) REFERENCES `hotel_contracts` (`id`) ON DELETE CASCADE,
  CONSTRAINT `hotel_contract_room_type_hotel_room_type_id_foreign` FOREIGN KEY (`hotel_room_type_id`) REFERENCES `hotel_room_types` (`id`)
) ENGINE=InnoDB AUTO_INCREMENT=231 DEFAULT CHARSET=utf8mb4 COLLATE=utf8mb4_unicode_ci;

/*Data for the table `hotel_contract_room_type` */

insert  into `hotel_contract_room_type`(`id`,`hotel_contract_id`,`hotel_room_type_id`,`created_at`,`updated_at`) values (165,60,30,'2018-08-03 01:36:54','2018-08-03 01:36:54'),(166,60,22,'2018-08-03 01:36:54','2018-08-03 01:36:54'),(167,60,20,'2018-08-03 01:36:54','2018-08-03 01:36:54'),(168,60,27,'2018-08-03 01:36:54','2018-08-03 01:36:54'),(169,61,30,'2018-08-03 01:39:41','2018-08-03 01:39:41'),(170,61,22,'2018-08-03 01:39:41','2018-08-03 01:39:41'),(171,61,20,'2018-08-03 01:39:41','2018-08-03 01:39:41'),(172,62,30,'2018-08-03 01:41:06','2018-08-03 01:41:06'),(173,62,22,'2018-08-03 01:41:06','2018-08-03 01:41:06'),(174,62,20,'2018-08-03 01:41:06','2018-08-03 01:41:06'),(175,62,27,'2018-08-03 01:41:06','2018-08-03 01:41:06'),(176,62,28,'2018-08-03 01:41:06','2018-08-03 01:41:06'),(177,63,30,'2018-08-03 01:42:18','2018-08-03 01:42:18'),(178,63,22,'2018-08-03 01:42:18','2018-08-03 01:42:18'),(179,63,20,'2018-08-03 01:42:18','2018-08-03 01:42:18'),(180,63,28,'2018-08-03 01:42:18','2018-08-03 01:42:18'),(181,63,29,'2018-08-03 01:42:18','2018-08-03 01:42:18'),(182,64,30,'2018-08-03 01:44:16','2018-08-03 01:44:16'),(183,64,22,'2018-08-03 01:44:16','2018-08-03 01:44:16'),(184,64,20,'2018-08-03 01:44:16','2018-08-03 01:44:16'),(185,64,23,'2018-08-03 01:44:16','2018-08-03 01:44:16'),(186,64,2,'2018-08-03 01:44:16','2018-08-03 01:44:16'),(187,65,23,'2018-08-03 01:46:13','2018-08-03 01:46:13'),(188,65,4,'2018-08-03 01:46:13','2018-08-03 01:46:13'),(189,65,29,'2018-08-03 01:46:13','2018-08-03 01:46:13'),(190,65,2,'2018-08-03 01:46:13','2018-08-03 01:46:13'),(191,66,30,'2018-08-03 01:47:25','2018-08-03 01:47:25'),(192,66,22,'2018-08-03 01:47:25','2018-08-03 01:47:25'),(193,66,20,'2018-08-03 01:47:25','2018-08-03 01:47:25'),(194,66,27,'2018-08-03 01:47:25','2018-08-03 01:47:25'),(195,67,23,'2018-08-03 01:48:30','2018-08-03 01:48:30'),(196,67,29,'2018-08-03 01:48:30','2018-08-03 01:48:30'),(197,67,2,'2018-08-03 01:48:30','2018-08-03 01:48:30'),(198,67,30,'2018-08-03 01:48:30','2018-08-03 01:48:30'),(199,67,22,'2018-08-03 01:48:30','2018-08-03 01:48:30'),(200,68,23,'2018-08-03 01:53:37','2018-08-03 01:53:37'),(201,68,30,'2018-08-03 01:53:37','2018-08-03 01:53:37'),(202,68,22,'2018-08-03 01:53:37','2018-08-03 01:53:37'),(203,68,20,'2018-08-03 01:53:37','2018-08-03 01:53:37'),(204,69,30,'2018-08-03 01:54:42','2018-08-03 01:54:42'),(205,69,22,'2018-08-03 01:54:42','2018-08-03 01:54:42'),(206,69,20,'2018-08-03 01:54:42','2018-08-03 01:54:42'),(207,69,27,'2018-08-03 01:54:42','2018-08-03 01:54:42'),(208,70,30,'2018-08-03 01:59:27','2018-08-03 01:59:27'),(209,70,22,'2018-08-03 01:59:27','2018-08-03 01:59:27'),(210,70,20,'2018-08-03 01:59:27','2018-08-03 01:59:27'),(211,70,28,'2018-08-03 01:59:27','2018-08-03 01:59:27'),(212,71,29,'2018-08-03 02:00:34','2018-08-03 02:00:34'),(213,71,2,'2018-08-03 02:00:34','2018-08-03 02:00:34'),(214,71,30,'2018-08-03 02:00:34','2018-08-03 02:00:34'),(215,71,22,'2018-08-03 02:00:34','2018-08-03 02:00:34'),(216,71,27,'2018-08-03 02:00:34','2018-08-03 02:00:34'),(217,72,30,'2018-08-03 02:02:04','2018-08-03 02:02:04'),(218,72,22,'2018-08-03 02:02:04','2018-08-03 02:02:04'),(219,72,29,'2018-08-03 02:02:04','2018-08-03 02:02:04'),(220,72,2,'2018-08-03 02:02:04','2018-08-03 02:02:04'),(228,76,30,'2018-09-30 19:56:33','2018-09-30 19:56:33'),(229,76,22,'2018-09-30 19:56:33','2018-09-30 19:56:33'),(230,76,20,'2018-09-30 19:56:33','2018-09-30 19:56:33');

/*Table structure for table `hotel_contract_settings` */

DROP TABLE IF EXISTS `hotel_contract_settings`;

CREATE TABLE `hotel_contract_settings` (
  `id` int(10) unsigned NOT NULL AUTO_INCREMENT,
  `hotel_contract_market_id` int(10) unsigned NOT NULL,
  `date` date NOT NULL,
  `settings` json NOT NULL,
  `created_at` timestamp NULL DEFAULT NULL,
  `updated_at` timestamp NULL DEFAULT NULL,
  PRIMARY KEY (`id`),
  KEY `hotel_contract_settings_hotel_contract_market_id_foreign` (`hotel_contract_market_id`),
  KEY `hotel_contract_settings_hotel_contract_market_id_date_index` (`hotel_contract_market_id`,`date`),
  CONSTRAINT `hotel_contract_settings_hotel_contract_market_id_foreign` FOREIGN KEY (`hotel_contract_market_id`) REFERENCES `hotel_contract_market` (`id`) ON DELETE CASCADE
) ENGINE=InnoDB AUTO_INCREMENT=943 DEFAULT CHARSET=utf8mb4 COLLATE=utf8mb4_unicode_ci;

/*Data for the table `hotel_contract_settings` */

insert  into `hotel_contract_settings`(`id`,`hotel_contract_market_id`,`date`,`settings`,`created_at`,`updated_at`) values (213,67,'2018-11-01','{\"30\": {\"1\": \"30\", \"2\": 45}}','2018-09-30 19:59:52','2018-09-30 19:59:52'),(214,67,'2018-11-02','{\"30\": {\"1\": \"30\", \"2\": 45}}','2018-09-30 19:59:52','2018-09-30 19:59:52'),(215,67,'2018-11-03','{\"30\": {\"1\": \"30\", \"2\": 45}}','2018-09-30 19:59:52','2018-09-30 19:59:52'),(216,67,'2018-11-04','{\"30\": {\"1\": \"30\", \"2\": 45}}','2018-09-30 19:59:52','2018-09-30 19:59:52'),(217,67,'2018-11-05','{\"30\": {\"1\": \"30\", \"2\": 45}}','2018-09-30 19:59:52','2018-09-30 19:59:52'),(218,67,'2018-11-06','{\"30\": {\"1\": \"30\", \"2\": 45}}','2018-09-30 19:59:52','2018-09-30 19:59:52'),(219,67,'2018-11-07','{\"30\": {\"1\": \"30\", \"2\": 45}}','2018-09-30 19:59:52','2018-09-30 19:59:52'),(220,67,'2018-11-08','{\"30\": {\"1\": \"30\", \"2\": 45}}','2018-09-30 19:59:53','2018-09-30 19:59:53'),(221,67,'2018-11-09','{\"30\": {\"1\": \"30\", \"2\": 45}}','2018-09-30 19:59:53','2018-09-30 19:59:53'),(222,67,'2018-11-10','{\"30\": {\"1\": \"30\", \"2\": 45}}','2018-09-30 19:59:53','2018-09-30 19:59:53'),(223,67,'2018-11-11','{\"30\": {\"1\": \"30\", \"2\": 45}}','2018-09-30 19:59:53','2018-09-30 19:59:53'),(224,67,'2018-11-12','{\"30\": {\"1\": \"30\", \"2\": 45}}','2018-09-30 19:59:53','2018-09-30 19:59:53'),(225,67,'2018-11-13','{\"30\": {\"1\": \"30\", \"2\": 45}}','2018-09-30 19:59:53','2018-09-30 19:59:53'),(226,67,'2018-11-14','{\"30\": {\"1\": \"30\", \"2\": 45}}','2018-09-30 19:59:53','2018-09-30 19:59:53'),(227,67,'2018-11-15','{\"30\": {\"1\": \"30\", \"2\": 45}}','2018-09-30 19:59:53','2018-09-30 19:59:53'),(228,67,'2018-11-16','{\"30\": {\"1\": \"30\", \"2\": 45}}','2018-09-30 19:59:53','2018-09-30 19:59:53'),(229,67,'2018-11-17','{\"30\": {\"1\": \"30\", \"2\": 45}}','2018-09-30 19:59:53','2018-09-30 19:59:53'),(230,67,'2018-11-18','{\"30\": {\"1\": \"30\", \"2\": 45}}','2018-09-30 19:59:53','2018-09-30 19:59:53'),(231,67,'2018-11-19','{\"30\": {\"1\": \"30\", \"2\": 45}}','2018-09-30 19:59:53','2018-09-30 19:59:53'),(232,67,'2018-11-20','{\"30\": {\"1\": \"30\", \"2\": 45}}','2018-09-30 19:59:53','2018-09-30 19:59:53'),(233,67,'2018-11-21','{\"30\": {\"1\": \"30\", \"2\": 45}}','2018-09-30 19:59:53','2018-09-30 19:59:53'),(234,67,'2018-11-22','{\"30\": {\"1\": \"30\", \"2\": 45}}','2018-09-30 19:59:53','2018-09-30 19:59:53'),(235,67,'2018-11-23','{\"30\": {\"1\": \"30\", \"2\": 45}}','2018-09-30 19:59:53','2018-09-30 19:59:53'),(236,67,'2018-11-24','{\"30\": {\"1\": \"30\", \"2\": 45}}','2018-09-30 19:59:53','2018-09-30 19:59:53'),(237,67,'2018-11-25','{\"30\": {\"1\": \"30\", \"2\": 45}}','2018-09-30 19:59:53','2018-09-30 19:59:53'),(238,67,'2018-11-26','{\"30\": {\"1\": \"30\", \"2\": 45}}','2018-09-30 19:59:53','2018-09-30 19:59:53'),(239,67,'2018-11-27','{\"30\": {\"1\": \"30\", \"2\": 45}}','2018-09-30 19:59:53','2018-09-30 19:59:53'),(240,67,'2018-11-28','{\"30\": {\"1\": \"30\", \"2\": 45}}','2018-09-30 19:59:53','2018-09-30 19:59:53'),(241,67,'2018-11-29','{\"30\": {\"1\": \"30\", \"2\": 45}}','2018-09-30 19:59:53','2018-09-30 19:59:53'),(242,67,'2018-11-30','{\"30\": {\"1\": \"30\", \"2\": 45}}','2018-09-30 19:59:53','2018-09-30 19:59:53'),(243,66,'2018-11-01','{\"30\": {\"1\": \"30\", \"2\": 40}}','2018-09-30 20:00:05','2018-09-30 20:00:05'),(244,66,'2018-11-02','{\"30\": {\"1\": \"30\", \"2\": 40}}','2018-09-30 20:00:05','2018-09-30 20:00:05'),(245,66,'2018-11-03','{\"30\": {\"1\": \"30\", \"2\": 40}}','2018-09-30 20:00:05','2018-09-30 20:00:05'),(246,66,'2018-11-04','{\"30\": {\"1\": \"30\", \"2\": 40}}','2018-09-30 20:00:05','2018-09-30 20:00:05'),(247,66,'2018-11-05','{\"30\": {\"1\": \"30\", \"2\": 40}}','2018-09-30 20:00:05','2018-09-30 20:00:05'),(248,66,'2018-11-06','{\"30\": {\"1\": \"30\", \"2\": 40}}','2018-09-30 20:00:05','2018-09-30 20:00:05'),(249,66,'2018-11-07','{\"30\": {\"1\": \"30\", \"2\": 40}}','2018-09-30 20:00:05','2018-09-30 20:00:05'),(250,66,'2018-11-08','{\"30\": {\"1\": \"30\", \"2\": 40}}','2018-09-30 20:00:05','2018-09-30 20:00:05'),(251,66,'2018-11-09','{\"30\": {\"1\": \"30\", \"2\": 40}}','2018-09-30 20:00:05','2018-09-30 20:00:05'),(252,66,'2018-11-10','{\"30\": {\"1\": \"30\", \"2\": 40}}','2018-09-30 20:00:05','2018-09-30 20:00:05'),(253,66,'2018-11-11','{\"30\": {\"1\": \"30\", \"2\": 40}}','2018-09-30 20:00:05','2018-09-30 20:00:05'),(254,66,'2018-11-12','{\"30\": {\"1\": \"30\", \"2\": 40}}','2018-09-30 20:00:05','2018-09-30 20:00:05'),(255,66,'2018-11-13','{\"30\": {\"1\": \"30\", \"2\": 40}}','2018-09-30 20:00:05','2018-09-30 20:00:05'),(256,66,'2018-11-14','{\"30\": {\"1\": \"30\", \"2\": 40}}','2018-09-30 20:00:05','2018-09-30 20:00:05'),(257,66,'2018-11-15','{\"30\": {\"1\": \"30\", \"2\": 40}}','2018-09-30 20:00:05','2018-09-30 20:00:05'),(258,66,'2018-11-16','{\"30\": {\"1\": \"30\", \"2\": 40}}','2018-09-30 20:00:05','2018-09-30 20:00:05'),(259,66,'2018-11-17','{\"30\": {\"1\": \"30\", \"2\": 40}}','2018-09-30 20:00:05','2018-09-30 20:00:05'),(260,66,'2018-11-18','{\"30\": {\"1\": \"30\", \"2\": 40}}','2018-09-30 20:00:05','2018-09-30 20:00:05'),(261,66,'2018-11-19','{\"30\": {\"1\": \"30\", \"2\": 40}}','2018-09-30 20:00:05','2018-09-30 20:00:05'),(262,66,'2018-11-20','{\"30\": {\"1\": \"30\", \"2\": 40}}','2018-09-30 20:00:05','2018-09-30 20:00:05'),(263,66,'2018-11-21','{\"30\": {\"1\": \"30\", \"2\": 40}}','2018-09-30 20:00:05','2018-09-30 20:00:05'),(264,66,'2018-11-22','{\"30\": {\"1\": \"30\", \"2\": 40}}','2018-09-30 20:00:05','2018-09-30 20:00:05'),(265,66,'2018-11-23','{\"30\": {\"1\": \"30\", \"2\": 40}}','2018-09-30 20:00:05','2018-09-30 20:00:05'),(266,66,'2018-11-24','{\"30\": {\"1\": \"30\", \"2\": 40}}','2018-09-30 20:00:05','2018-09-30 20:00:05'),(267,66,'2018-11-25','{\"30\": {\"1\": \"30\", \"2\": 40}}','2018-09-30 20:00:05','2018-09-30 20:00:05'),(268,66,'2018-11-26','{\"30\": {\"1\": \"30\", \"2\": 40}}','2018-09-30 20:00:05','2018-09-30 20:00:05'),(269,66,'2018-11-27','{\"30\": {\"1\": \"30\", \"2\": 40}}','2018-09-30 20:00:05','2018-09-30 20:00:05'),(270,66,'2018-11-28','{\"30\": {\"1\": \"30\", \"2\": 40}}','2018-09-30 20:00:05','2018-09-30 20:00:05'),(271,66,'2018-11-29','{\"30\": {\"1\": \"30\", \"2\": 40}}','2018-09-30 20:00:05','2018-09-30 20:00:05'),(272,66,'2018-11-30','{\"30\": {\"1\": \"30\", \"2\": 40}}','2018-09-30 20:00:05','2018-09-30 20:00:05'),(273,67,'2018-12-01','{\"30\": {\"1\": \"35\", \"2\": 50}}','2018-09-30 20:02:59','2018-09-30 20:02:59'),(274,67,'2018-12-02','{\"30\": {\"1\": \"35\", \"2\": 50}}','2018-09-30 20:02:59','2018-09-30 20:02:59'),(275,67,'2018-12-03','{\"30\": {\"1\": \"35\", \"2\": 50}}','2018-09-30 20:02:59','2018-09-30 20:02:59'),(276,67,'2018-12-04','{\"30\": {\"1\": \"35\", \"2\": 50}}','2018-09-30 20:02:59','2018-09-30 20:02:59'),(277,67,'2018-12-05','{\"30\": {\"1\": \"35\", \"2\": 50}}','2018-09-30 20:02:59','2018-09-30 20:02:59'),(278,67,'2018-12-06','{\"30\": {\"1\": \"35\", \"2\": 50}}','2018-09-30 20:02:59','2018-09-30 20:02:59'),(279,67,'2018-12-07','{\"30\": {\"1\": \"35\", \"2\": 50}}','2018-09-30 20:02:59','2018-09-30 20:02:59'),(280,67,'2018-12-08','{\"30\": {\"1\": \"35\", \"2\": 50}}','2018-09-30 20:02:59','2018-09-30 20:02:59'),(281,67,'2018-12-09','{\"30\": {\"1\": \"35\", \"2\": 50}}','2018-09-30 20:02:59','2018-09-30 20:02:59'),(282,67,'2018-12-10','{\"30\": {\"1\": \"35\", \"2\": 50}}','2018-09-30 20:02:59','2018-09-30 20:02:59'),(283,67,'2018-12-11','{\"30\": {\"1\": \"35\", \"2\": 50}}','2018-09-30 20:02:59','2018-09-30 20:02:59'),(284,67,'2018-12-12','{\"30\": {\"1\": \"35\", \"2\": 50}}','2018-09-30 20:02:59','2018-09-30 20:02:59'),(285,67,'2018-12-13','{\"30\": {\"1\": \"35\", \"2\": 50}}','2018-09-30 20:02:59','2018-09-30 20:02:59'),(286,67,'2018-12-14','{\"30\": {\"1\": \"35\", \"2\": 50}}','2018-09-30 20:02:59','2018-09-30 20:02:59'),(287,67,'2018-12-15','{\"30\": {\"1\": \"35\", \"2\": 50}}','2018-09-30 20:02:59','2018-09-30 20:02:59'),(288,67,'2018-12-16','{\"30\": {\"1\": \"35\", \"2\": 50}}','2018-09-30 20:02:59','2018-09-30 20:02:59'),(289,67,'2018-12-17','{\"30\": {\"1\": \"35\", \"2\": 50}}','2018-09-30 20:02:59','2018-09-30 20:02:59'),(290,67,'2018-12-18','{\"30\": {\"1\": \"35\", \"2\": 50}}','2018-09-30 20:02:59','2018-09-30 20:02:59'),(291,67,'2018-12-19','{\"30\": {\"1\": \"35\", \"2\": 50}}','2018-09-30 20:02:59','2018-09-30 20:02:59'),(292,67,'2018-12-20','{\"30\": {\"1\": \"35\", \"2\": 50}}','2018-09-30 20:02:59','2018-09-30 20:02:59'),(293,67,'2018-12-21','{\"30\": {\"1\": \"35\", \"2\": 50}}','2018-09-30 20:02:59','2018-09-30 20:02:59'),(294,67,'2018-12-22','{\"30\": {\"1\": \"35\", \"2\": 50}}','2018-09-30 20:02:59','2018-09-30 20:02:59'),(295,67,'2018-12-23','{\"30\": {\"1\": \"35\", \"2\": 50}}','2018-09-30 20:02:59','2018-09-30 20:02:59'),(296,67,'2018-12-24','{\"30\": {\"1\": \"35\", \"2\": 50}}','2018-09-30 20:02:59','2018-09-30 20:02:59'),(297,67,'2018-12-25','{\"30\": {\"1\": \"35\", \"2\": 50}}','2018-09-30 20:02:59','2018-09-30 20:02:59'),(298,67,'2018-12-26','{\"30\": {\"1\": \"35\", \"2\": 50}}','2018-09-30 20:02:59','2018-09-30 20:02:59'),(299,67,'2018-12-27','{\"30\": {\"1\": \"35\", \"2\": 50}}','2018-09-30 20:02:59','2018-09-30 20:02:59'),(300,67,'2018-12-28','{\"30\": {\"1\": \"35\", \"2\": 50}}','2018-09-30 20:02:59','2018-09-30 20:02:59'),(301,67,'2018-12-29','{\"30\": {\"1\": \"35\", \"2\": 50}}','2018-09-30 20:02:59','2018-09-30 20:02:59'),(302,67,'2018-12-30','{\"30\": {\"1\": \"35\", \"2\": 50}}','2018-09-30 20:02:59','2018-09-30 20:02:59'),(303,67,'2018-12-31','{\"30\": {\"1\": \"35\", \"2\": 50}}','2018-09-30 20:02:59','2018-09-30 20:02:59'),(304,67,'2019-01-01','{\"30\": {\"1\": \"35\", \"2\": 50}}','2018-09-30 20:02:59','2018-09-30 20:02:59'),(305,67,'2019-01-02','{\"30\": {\"1\": \"35\", \"2\": 50}}','2018-09-30 20:02:59','2018-09-30 20:02:59'),(306,67,'2019-01-03','{\"30\": {\"1\": \"35\", \"2\": 50}}','2018-09-30 20:02:59','2018-09-30 20:02:59'),(307,67,'2019-01-04','{\"30\": {\"1\": \"35\", \"2\": 50}}','2018-09-30 20:02:59','2018-09-30 20:02:59'),(308,67,'2019-01-05','{\"30\": {\"1\": \"35\", \"2\": 50}}','2018-09-30 20:02:59','2018-09-30 20:02:59'),(309,67,'2019-01-06','{\"30\": {\"1\": \"35\", \"2\": 50}}','2018-09-30 20:02:59','2018-09-30 20:02:59'),(310,67,'2019-01-07','{\"30\": {\"1\": \"35\", \"2\": 50}}','2018-09-30 20:02:59','2018-09-30 20:02:59'),(311,67,'2019-01-08','{\"30\": {\"1\": \"35\", \"2\": 50}}','2018-09-30 20:02:59','2018-09-30 20:02:59'),(312,67,'2019-01-09','{\"30\": {\"1\": \"35\", \"2\": 50}}','2018-09-30 20:02:59','2018-09-30 20:02:59'),(313,67,'2019-01-10','{\"30\": {\"1\": \"35\", \"2\": 50}}','2018-09-30 20:02:59','2018-09-30 20:02:59'),(314,67,'2019-01-11','{\"30\": {\"1\": \"35\", \"2\": 50}}','2018-09-30 20:02:59','2018-09-30 20:02:59'),(315,67,'2019-01-12','{\"30\": {\"1\": \"35\", \"2\": 50}}','2018-09-30 20:02:59','2018-09-30 20:02:59'),(316,67,'2019-01-13','{\"30\": {\"1\": \"35\", \"2\": 50}}','2018-09-30 20:02:59','2018-09-30 20:02:59'),(317,67,'2019-01-14','{\"30\": {\"1\": \"35\", \"2\": 50}}','2018-09-30 20:02:59','2018-09-30 20:02:59'),(318,67,'2019-01-15','{\"30\": {\"1\": \"35\", \"2\": 50}}','2018-09-30 20:02:59','2018-09-30 20:02:59'),(319,67,'2019-01-16','{\"30\": {\"1\": \"35\", \"2\": 50}}','2018-09-30 20:02:59','2018-09-30 20:02:59'),(320,67,'2019-01-17','{\"30\": {\"1\": \"35\", \"2\": 50}}','2018-09-30 20:02:59','2018-09-30 20:02:59'),(321,67,'2019-01-18','{\"30\": {\"1\": \"35\", \"2\": 50}}','2018-09-30 20:02:59','2018-09-30 20:02:59'),(322,67,'2019-01-19','{\"30\": {\"1\": \"35\", \"2\": 50}}','2018-09-30 20:02:59','2018-09-30 20:02:59'),(323,67,'2019-01-20','{\"30\": {\"1\": \"35\", \"2\": 50}}','2018-09-30 20:02:59','2018-09-30 20:02:59'),(324,67,'2019-01-21','{\"30\": {\"1\": \"35\", \"2\": 50}}','2018-09-30 20:02:59','2018-09-30 20:02:59'),(325,67,'2019-01-22','{\"30\": {\"1\": \"35\", \"2\": 50}}','2018-09-30 20:02:59','2018-09-30 20:02:59'),(326,67,'2019-01-23','{\"30\": {\"1\": \"35\", \"2\": 50}}','2018-09-30 20:02:59','2018-09-30 20:02:59'),(327,67,'2019-01-24','{\"30\": {\"1\": \"35\", \"2\": 50}}','2018-09-30 20:02:59','2018-09-30 20:02:59'),(328,67,'2019-01-25','{\"30\": {\"1\": \"35\", \"2\": 50}}','2018-09-30 20:02:59','2018-09-30 20:02:59'),(329,67,'2019-01-26','{\"30\": {\"1\": \"35\", \"2\": 50}}','2018-09-30 20:02:59','2018-09-30 20:02:59'),(330,67,'2019-01-27','{\"30\": {\"1\": \"35\", \"2\": 50}}','2018-09-30 20:02:59','2018-09-30 20:02:59'),(331,67,'2019-01-28','{\"30\": {\"1\": \"35\", \"2\": 50}}','2018-09-30 20:02:59','2018-09-30 20:02:59'),(332,67,'2019-01-29','{\"30\": {\"1\": \"35\", \"2\": 50}}','2018-09-30 20:02:59','2018-09-30 20:02:59'),(333,67,'2019-01-30','{\"30\": {\"1\": \"35\", \"2\": 50}}','2018-09-30 20:02:59','2018-09-30 20:02:59'),(334,67,'2019-01-31','{\"30\": {\"1\": \"35\", \"2\": 50}}','2018-09-30 20:02:59','2018-09-30 20:02:59'),(335,67,'2019-02-01','{\"30\": {\"1\": \"35\", \"2\": 50}}','2018-09-30 20:02:59','2018-09-30 20:02:59'),(336,67,'2019-02-02','{\"30\": {\"1\": \"35\", \"2\": 50}}','2018-09-30 20:02:59','2018-09-30 20:02:59'),(337,67,'2019-02-03','{\"30\": {\"1\": \"35\", \"2\": 50}}','2018-09-30 20:02:59','2018-09-30 20:02:59'),(338,67,'2019-02-04','{\"30\": {\"1\": \"35\", \"2\": 50}}','2018-09-30 20:02:59','2018-09-30 20:02:59'),(339,67,'2019-02-05','{\"30\": {\"1\": \"35\", \"2\": 50}}','2018-09-30 20:02:59','2018-09-30 20:02:59'),(340,67,'2019-02-06','{\"30\": {\"1\": \"35\", \"2\": 50}}','2018-09-30 20:02:59','2018-09-30 20:02:59'),(341,67,'2019-02-07','{\"30\": {\"1\": \"35\", \"2\": 50}}','2018-09-30 20:02:59','2018-09-30 20:02:59'),(342,67,'2019-02-08','{\"30\": {\"1\": \"35\", \"2\": 50}}','2018-09-30 20:02:59','2018-09-30 20:02:59'),(343,67,'2019-02-09','{\"30\": {\"1\": \"35\", \"2\": 50}}','2018-09-30 20:02:59','2018-09-30 20:02:59'),(344,67,'2019-02-10','{\"30\": {\"1\": \"35\", \"2\": 50}}','2018-09-30 20:02:59','2018-09-30 20:02:59'),(345,67,'2019-02-11','{\"30\": {\"1\": \"35\", \"2\": 50}}','2018-09-30 20:02:59','2018-09-30 20:02:59'),(346,67,'2019-02-12','{\"30\": {\"1\": \"35\", \"2\": 50}}','2018-09-30 20:02:59','2018-09-30 20:02:59'),(347,67,'2019-02-13','{\"30\": {\"1\": \"35\", \"2\": 50}}','2018-09-30 20:02:59','2018-09-30 20:02:59'),(348,67,'2019-02-14','{\"30\": {\"1\": \"35\", \"2\": 50}}','2018-09-30 20:02:59','2018-09-30 20:02:59'),(349,67,'2019-02-15','{\"30\": {\"1\": \"35\", \"2\": 50}}','2018-09-30 20:02:59','2018-09-30 20:02:59'),(350,67,'2019-02-16','{\"30\": {\"1\": \"35\", \"2\": 50}}','2018-09-30 20:02:59','2018-09-30 20:02:59'),(351,67,'2019-02-17','{\"30\": {\"1\": \"35\", \"2\": 50}}','2018-09-30 20:02:59','2018-09-30 20:02:59'),(352,67,'2019-02-18','{\"30\": {\"1\": \"35\", \"2\": 50}}','2018-09-30 20:02:59','2018-09-30 20:02:59'),(353,67,'2019-02-19','{\"30\": {\"1\": \"35\", \"2\": 50}}','2018-09-30 20:02:59','2018-09-30 20:02:59'),(354,67,'2019-02-20','{\"30\": {\"1\": \"35\", \"2\": 50}}','2018-09-30 20:02:59','2018-09-30 20:02:59'),(355,67,'2019-02-21','{\"30\": {\"1\": \"35\", \"2\": 50}}','2018-09-30 20:02:59','2018-09-30 20:02:59'),(356,67,'2019-02-22','{\"30\": {\"1\": \"35\", \"2\": 50}}','2018-09-30 20:02:59','2018-09-30 20:02:59'),(357,67,'2019-02-23','{\"30\": {\"1\": \"35\", \"2\": 50}}','2018-09-30 20:02:59','2018-09-30 20:02:59'),(358,67,'2019-02-24','{\"30\": {\"1\": \"35\", \"2\": 50}}','2018-09-30 20:02:59','2018-09-30 20:02:59'),(359,67,'2019-02-25','{\"30\": {\"1\": \"35\", \"2\": 50}}','2018-09-30 20:02:59','2018-09-30 20:02:59'),(360,67,'2019-02-26','{\"30\": {\"1\": \"35\", \"2\": 50}}','2018-09-30 20:02:59','2018-09-30 20:02:59'),(361,67,'2019-02-27','{\"30\": {\"1\": \"35\", \"2\": 50}}','2018-09-30 20:02:59','2018-09-30 20:02:59'),(362,67,'2019-02-28','{\"30\": {\"1\": \"35\", \"2\": 50}}','2018-09-30 20:02:59','2018-09-30 20:02:59'),(363,67,'2019-03-01','{\"30\": {\"1\": \"35\", \"2\": 50}}','2018-09-30 20:02:59','2018-09-30 20:02:59'),(364,67,'2019-03-02','{\"30\": {\"1\": \"35\", \"2\": 50}}','2018-09-30 20:02:59','2018-09-30 20:02:59'),(365,67,'2019-03-03','{\"30\": {\"1\": \"35\", \"2\": 50}}','2018-09-30 20:02:59','2018-09-30 20:02:59'),(366,67,'2019-03-04','{\"30\": {\"1\": \"35\", \"2\": 50}}','2018-09-30 20:02:59','2018-09-30 20:02:59'),(367,67,'2019-03-05','{\"30\": {\"1\": \"35\", \"2\": 50}}','2018-09-30 20:02:59','2018-09-30 20:02:59'),(368,67,'2019-03-06','{\"30\": {\"1\": \"35\", \"2\": 50}}','2018-09-30 20:02:59','2018-09-30 20:02:59'),(369,67,'2019-03-07','{\"30\": {\"1\": \"35\", \"2\": 50}}','2018-09-30 20:02:59','2018-09-30 20:02:59'),(370,67,'2019-03-08','{\"30\": {\"1\": \"35\", \"2\": 50}}','2018-09-30 20:02:59','2018-09-30 20:02:59'),(371,67,'2019-03-09','{\"30\": {\"1\": \"35\", \"2\": 50}}','2018-09-30 20:02:59','2018-09-30 20:02:59'),(372,67,'2019-03-10','{\"30\": {\"1\": \"35\", \"2\": 50}}','2018-09-30 20:02:59','2018-09-30 20:02:59'),(373,67,'2019-03-11','{\"30\": {\"1\": \"35\", \"2\": 50}}','2018-09-30 20:02:59','2018-09-30 20:02:59'),(374,67,'2019-03-12','{\"30\": {\"1\": \"35\", \"2\": 50}}','2018-09-30 20:02:59','2018-09-30 20:02:59'),(375,67,'2019-03-13','{\"30\": {\"1\": \"35\", \"2\": 50}}','2018-09-30 20:02:59','2018-09-30 20:02:59'),(376,67,'2019-03-14','{\"30\": {\"1\": \"35\", \"2\": 50}}','2018-09-30 20:02:59','2018-09-30 20:02:59'),(377,67,'2019-03-15','{\"30\": {\"1\": \"35\", \"2\": 50}}','2018-09-30 20:02:59','2018-09-30 20:02:59'),(378,67,'2019-03-16','{\"30\": {\"1\": \"35\", \"2\": 50}}','2018-09-30 20:02:59','2018-09-30 20:02:59'),(379,67,'2019-03-17','{\"30\": {\"1\": \"35\", \"2\": 50}}','2018-09-30 20:02:59','2018-09-30 20:02:59'),(380,67,'2019-03-18','{\"30\": {\"1\": \"35\", \"2\": 50}}','2018-09-30 20:02:59','2018-09-30 20:02:59'),(381,67,'2019-03-19','{\"30\": {\"1\": \"35\", \"2\": 50}}','2018-09-30 20:02:59','2018-09-30 20:02:59'),(382,67,'2019-03-20','{\"30\": {\"1\": \"35\", \"2\": 50}}','2018-09-30 20:02:59','2018-09-30 20:02:59'),(383,67,'2019-03-21','{\"30\": {\"1\": \"35\", \"2\": 50}}','2018-09-30 20:02:59','2018-09-30 20:02:59'),(384,67,'2019-03-22','{\"30\": {\"1\": \"35\", \"2\": 50}}','2018-09-30 20:02:59','2018-09-30 20:02:59'),(385,67,'2019-03-23','{\"30\": {\"1\": \"35\", \"2\": 50}}','2018-09-30 20:02:59','2018-09-30 20:02:59'),(386,67,'2019-03-24','{\"30\": {\"1\": \"35\", \"2\": 50}}','2018-09-30 20:02:59','2018-09-30 20:02:59'),(387,67,'2019-03-25','{\"30\": {\"1\": \"35\", \"2\": 50}}','2018-09-30 20:02:59','2018-09-30 20:02:59'),(388,67,'2019-03-26','{\"30\": {\"1\": \"35\", \"2\": 50}}','2018-09-30 20:02:59','2018-09-30 20:02:59'),(389,67,'2019-03-27','{\"30\": {\"1\": \"35\", \"2\": 50}}','2018-09-30 20:02:59','2018-09-30 20:02:59'),(390,67,'2019-03-28','{\"30\": {\"1\": \"35\", \"2\": 50}}','2018-09-30 20:02:59','2018-09-30 20:02:59'),(391,67,'2019-03-29','{\"30\": {\"1\": \"35\", \"2\": 50}}','2018-09-30 20:02:59','2018-09-30 20:02:59'),(392,67,'2019-03-30','{\"30\": {\"1\": \"35\", \"2\": 50}}','2018-09-30 20:02:59','2018-09-30 20:02:59'),(393,67,'2019-03-31','{\"30\": {\"1\": \"35\", \"2\": 50}}','2018-09-30 20:02:59','2018-09-30 20:02:59'),(394,67,'2019-04-01','{\"30\": {\"1\": \"35\", \"2\": 50}}','2018-09-30 20:02:59','2018-09-30 20:02:59'),(395,67,'2019-04-02','{\"30\": {\"1\": \"35\", \"2\": 50}}','2018-09-30 20:02:59','2018-09-30 20:02:59'),(396,67,'2019-04-03','{\"30\": {\"1\": \"35\", \"2\": 50}}','2018-09-30 20:02:59','2018-09-30 20:02:59'),(397,67,'2019-04-04','{\"30\": {\"1\": \"35\", \"2\": 50}}','2018-09-30 20:02:59','2018-09-30 20:02:59'),(398,67,'2019-04-05','{\"30\": {\"1\": \"35\", \"2\": 50}}','2018-09-30 20:02:59','2018-09-30 20:02:59'),(399,67,'2019-04-06','{\"30\": {\"1\": \"35\", \"2\": 50}}','2018-09-30 20:02:59','2018-09-30 20:02:59'),(400,67,'2019-04-07','{\"30\": {\"1\": \"35\", \"2\": 50}}','2018-09-30 20:02:59','2018-09-30 20:02:59'),(401,67,'2019-04-08','{\"30\": {\"1\": \"35\", \"2\": 50}}','2018-09-30 20:02:59','2018-09-30 20:02:59'),(402,67,'2019-04-09','{\"30\": {\"1\": \"35\", \"2\": 50}}','2018-09-30 20:02:59','2018-09-30 20:02:59'),(403,67,'2019-04-10','{\"30\": {\"1\": \"35\", \"2\": 50}}','2018-09-30 20:02:59','2018-09-30 20:02:59'),(404,67,'2019-04-11','{\"30\": {\"1\": \"35\", \"2\": 50}}','2018-09-30 20:02:59','2018-09-30 20:02:59'),(405,67,'2019-04-12','{\"30\": {\"1\": \"35\", \"2\": 50}}','2018-09-30 20:02:59','2018-09-30 20:02:59'),(406,67,'2019-04-13','{\"30\": {\"1\": \"35\", \"2\": 50}}','2018-09-30 20:02:59','2018-09-30 20:02:59'),(407,67,'2019-04-14','{\"30\": {\"1\": \"35\", \"2\": 50}}','2018-09-30 20:02:59','2018-09-30 20:02:59'),(408,67,'2019-04-15','{\"30\": {\"1\": \"35\", \"2\": 50}}','2018-09-30 20:02:59','2018-09-30 20:02:59'),(409,67,'2019-04-16','{\"30\": {\"1\": \"35\", \"2\": 50}}','2018-09-30 20:02:59','2018-09-30 20:02:59'),(410,67,'2019-04-17','{\"30\": {\"1\": \"35\", \"2\": 50}}','2018-09-30 20:02:59','2018-09-30 20:02:59'),(411,67,'2019-04-18','{\"30\": {\"1\": \"35\", \"2\": 50}}','2018-09-30 20:02:59','2018-09-30 20:02:59'),(412,67,'2019-04-19','{\"30\": {\"1\": \"35\", \"2\": 50}}','2018-09-30 20:02:59','2018-09-30 20:02:59'),(413,67,'2019-04-20','{\"30\": {\"1\": \"35\", \"2\": 50}}','2018-09-30 20:02:59','2018-09-30 20:02:59'),(414,67,'2019-04-21','{\"30\": {\"1\": \"35\", \"2\": 50}}','2018-09-30 20:02:59','2018-09-30 20:02:59'),(415,67,'2019-04-22','{\"30\": {\"1\": \"35\", \"2\": 50}}','2018-09-30 20:02:59','2018-09-30 20:02:59'),(416,67,'2019-04-23','{\"30\": {\"1\": \"35\", \"2\": 50}}','2018-09-30 20:02:59','2018-09-30 20:02:59'),(417,67,'2019-04-24','{\"30\": {\"1\": \"35\", \"2\": 50}}','2018-09-30 20:02:59','2018-09-30 20:02:59'),(418,67,'2019-04-25','{\"30\": {\"1\": \"35\", \"2\": 50}}','2018-09-30 20:02:59','2018-09-30 20:02:59'),(419,67,'2019-04-26','{\"30\": {\"1\": \"35\", \"2\": 50}}','2018-09-30 20:02:59','2018-09-30 20:02:59'),(420,67,'2019-04-27','{\"30\": {\"1\": \"35\", \"2\": 50}}','2018-09-30 20:02:59','2018-09-30 20:02:59'),(421,67,'2019-04-28','{\"30\": {\"1\": \"35\", \"2\": 50}}','2018-09-30 20:02:59','2018-09-30 20:02:59'),(422,67,'2019-04-29','{\"30\": {\"1\": \"35\", \"2\": 50}}','2018-09-30 20:02:59','2018-09-30 20:02:59'),(423,67,'2019-04-30','{\"30\": {\"1\": \"35\", \"2\": 50}}','2018-09-30 20:02:59','2018-09-30 20:02:59'),(424,67,'2019-05-01','{\"30\": {\"1\": \"35\", \"2\": 50}}','2018-09-30 20:02:59','2018-09-30 20:02:59'),(425,67,'2019-05-02','{\"30\": {\"1\": \"35\", \"2\": 50}}','2018-09-30 20:02:59','2018-09-30 20:02:59'),(426,67,'2019-05-03','{\"30\": {\"1\": \"35\", \"2\": 50}}','2018-09-30 20:02:59','2018-09-30 20:02:59'),(427,67,'2019-05-04','{\"30\": {\"1\": \"35\", \"2\": 50}}','2018-09-30 20:02:59','2018-09-30 20:02:59'),(428,67,'2019-05-05','{\"30\": {\"1\": \"35\", \"2\": 50}}','2018-09-30 20:02:59','2018-09-30 20:02:59'),(429,67,'2019-05-06','{\"30\": {\"1\": \"35\", \"2\": 50}}','2018-09-30 20:02:59','2018-09-30 20:02:59'),(430,67,'2019-05-07','{\"30\": {\"1\": \"35\", \"2\": 50}}','2018-09-30 20:02:59','2018-09-30 20:02:59'),(431,67,'2019-05-08','{\"30\": {\"1\": \"35\", \"2\": 50}}','2018-09-30 20:02:59','2018-09-30 20:02:59'),(432,67,'2019-05-09','{\"30\": {\"1\": \"35\", \"2\": 50}}','2018-09-30 20:02:59','2018-09-30 20:02:59'),(433,67,'2019-05-10','{\"30\": {\"1\": \"35\", \"2\": 50}}','2018-09-30 20:02:59','2018-09-30 20:02:59'),(434,67,'2019-05-11','{\"30\": {\"1\": \"35\", \"2\": 50}}','2018-09-30 20:02:59','2018-09-30 20:02:59'),(435,67,'2019-05-12','{\"30\": {\"1\": \"35\", \"2\": 50}}','2018-09-30 20:02:59','2018-09-30 20:02:59'),(436,67,'2019-05-13','{\"30\": {\"1\": \"35\", \"2\": 50}}','2018-09-30 20:02:59','2018-09-30 20:02:59'),(437,67,'2019-05-14','{\"30\": {\"1\": \"35\", \"2\": 50}}','2018-09-30 20:03:00','2018-09-30 20:03:00'),(438,67,'2019-05-15','{\"30\": {\"1\": \"35\", \"2\": 50}}','2018-09-30 20:03:00','2018-09-30 20:03:00'),(439,67,'2019-05-16','{\"30\": {\"1\": \"35\", \"2\": 50}}','2018-09-30 20:03:00','2018-09-30 20:03:00'),(440,67,'2019-05-17','{\"30\": {\"1\": \"35\", \"2\": 50}}','2018-09-30 20:03:00','2018-09-30 20:03:00'),(441,67,'2019-05-18','{\"30\": {\"1\": \"35\", \"2\": 50}}','2018-09-30 20:03:00','2018-09-30 20:03:00'),(442,67,'2019-05-19','{\"30\": {\"1\": \"35\", \"2\": 50}}','2018-09-30 20:03:00','2018-09-30 20:03:00'),(443,67,'2019-05-20','{\"30\": {\"1\": \"35\", \"2\": 50}}','2018-09-30 20:03:00','2018-09-30 20:03:00'),(444,67,'2019-05-21','{\"30\": {\"1\": \"35\", \"2\": 50}}','2018-09-30 20:03:00','2018-09-30 20:03:00'),(445,67,'2019-05-22','{\"30\": {\"1\": \"35\", \"2\": 50}}','2018-09-30 20:03:00','2018-09-30 20:03:00'),(446,67,'2019-05-23','{\"30\": {\"1\": \"35\", \"2\": 50}}','2018-09-30 20:03:00','2018-09-30 20:03:00'),(447,67,'2019-05-24','{\"30\": {\"1\": \"35\", \"2\": 50}}','2018-09-30 20:03:00','2018-09-30 20:03:00'),(448,67,'2019-05-25','{\"30\": {\"1\": \"35\", \"2\": 50}}','2018-09-30 20:03:00','2018-09-30 20:03:00'),(449,67,'2019-05-26','{\"30\": {\"1\": \"35\", \"2\": 50}}','2018-09-30 20:03:00','2018-09-30 20:03:00'),(450,67,'2019-05-27','{\"30\": {\"1\": \"35\", \"2\": 50}}','2018-09-30 20:03:00','2018-09-30 20:03:00'),(451,67,'2019-05-28','{\"30\": {\"1\": \"35\", \"2\": 50}}','2018-09-30 20:03:00','2018-09-30 20:03:00'),(452,67,'2019-05-29','{\"30\": {\"1\": \"35\", \"2\": 50}}','2018-09-30 20:03:00','2018-09-30 20:03:00'),(453,67,'2019-05-30','{\"30\": {\"1\": \"35\", \"2\": 50}}','2018-09-30 20:03:00','2018-09-30 20:03:00'),(454,67,'2019-05-31','{\"30\": {\"1\": \"35\", \"2\": 50}}','2018-09-30 20:03:00','2018-09-30 20:03:00'),(455,67,'2019-06-01','{\"30\": {\"1\": \"35\", \"2\": 50}}','2018-09-30 20:03:00','2018-09-30 20:03:00'),(456,67,'2019-06-02','{\"30\": {\"1\": \"35\", \"2\": 50}}','2018-09-30 20:03:00','2018-09-30 20:03:00'),(457,67,'2019-06-03','{\"30\": {\"1\": \"35\", \"2\": 50}}','2018-09-30 20:03:00','2018-09-30 20:03:00'),(458,67,'2019-06-04','{\"30\": {\"1\": \"35\", \"2\": 50}}','2018-09-30 20:03:00','2018-09-30 20:03:00'),(459,67,'2019-06-05','{\"30\": {\"1\": \"35\", \"2\": 50}}','2018-09-30 20:03:00','2018-09-30 20:03:00'),(460,67,'2019-06-06','{\"30\": {\"1\": \"35\", \"2\": 50}}','2018-09-30 20:03:00','2018-09-30 20:03:00'),(461,67,'2019-06-07','{\"30\": {\"1\": \"35\", \"2\": 50}}','2018-09-30 20:03:00','2018-09-30 20:03:00'),(462,67,'2019-06-08','{\"30\": {\"1\": \"35\", \"2\": 50}}','2018-09-30 20:03:00','2018-09-30 20:03:00'),(463,67,'2019-06-09','{\"30\": {\"1\": \"35\", \"2\": 50}}','2018-09-30 20:03:00','2018-09-30 20:03:00'),(464,67,'2019-06-10','{\"30\": {\"1\": \"35\", \"2\": 50}}','2018-09-30 20:03:00','2018-09-30 20:03:00'),(465,67,'2019-06-11','{\"30\": {\"1\": \"35\", \"2\": 50}}','2018-09-30 20:03:00','2018-09-30 20:03:00'),(466,67,'2019-06-12','{\"30\": {\"1\": \"35\", \"2\": 50}}','2018-09-30 20:03:00','2018-09-30 20:03:00'),(467,67,'2019-06-13','{\"30\": {\"1\": \"35\", \"2\": 50}}','2018-09-30 20:03:00','2018-09-30 20:03:00'),(468,67,'2019-06-14','{\"30\": {\"1\": \"35\", \"2\": 50}}','2018-09-30 20:03:00','2018-09-30 20:03:00'),(469,67,'2019-06-15','{\"30\": {\"1\": \"35\", \"2\": 50}}','2018-09-30 20:03:00','2018-09-30 20:03:00'),(470,67,'2019-06-16','{\"30\": {\"1\": \"35\", \"2\": 50}}','2018-09-30 20:03:00','2018-09-30 20:03:00'),(471,67,'2019-06-17','{\"30\": {\"1\": \"35\", \"2\": 50}}','2018-09-30 20:03:00','2018-09-30 20:03:00'),(472,67,'2019-06-18','{\"30\": {\"1\": \"35\", \"2\": 50}}','2018-09-30 20:03:00','2018-09-30 20:03:00'),(473,67,'2019-06-19','{\"30\": {\"1\": \"35\", \"2\": 50}}','2018-09-30 20:03:00','2018-09-30 20:03:00'),(474,67,'2019-06-20','{\"30\": {\"1\": \"35\", \"2\": 50}}','2018-09-30 20:03:00','2018-09-30 20:03:00'),(475,67,'2019-06-21','{\"30\": {\"1\": \"35\", \"2\": 50}}','2018-09-30 20:03:00','2018-09-30 20:03:00'),(476,67,'2019-06-22','{\"30\": {\"1\": \"35\", \"2\": 50}}','2018-09-30 20:03:00','2018-09-30 20:03:00'),(477,67,'2019-06-23','{\"30\": {\"1\": \"35\", \"2\": 50}}','2018-09-30 20:03:00','2018-09-30 20:03:00'),(478,67,'2019-06-24','{\"30\": {\"1\": \"35\", \"2\": 50}}','2018-09-30 20:03:00','2018-09-30 20:03:00'),(479,67,'2019-06-25','{\"30\": {\"1\": \"35\", \"2\": 50}}','2018-09-30 20:03:00','2018-09-30 20:03:00'),(480,67,'2019-06-26','{\"30\": {\"1\": \"35\", \"2\": 50}}','2018-09-30 20:03:00','2018-09-30 20:03:00'),(481,67,'2019-06-27','{\"30\": {\"1\": \"35\", \"2\": 50}}','2018-09-30 20:03:00','2018-09-30 20:03:00'),(482,67,'2019-06-28','{\"30\": {\"1\": \"35\", \"2\": 50}}','2018-09-30 20:03:00','2018-09-30 20:03:00'),(483,67,'2019-06-29','{\"30\": {\"1\": \"35\", \"2\": 50}}','2018-09-30 20:03:00','2018-09-30 20:03:00'),(484,67,'2019-06-30','{\"30\": {\"1\": \"35\", \"2\": 50}}','2018-09-30 20:03:00','2018-09-30 20:03:00'),(485,67,'2019-07-01','{\"30\": {\"1\": \"35\", \"2\": 50}}','2018-09-30 20:03:00','2018-09-30 20:03:00'),(486,67,'2019-07-02','{\"30\": {\"1\": \"35\", \"2\": 50}}','2018-09-30 20:03:00','2018-09-30 20:03:00'),(487,67,'2019-07-03','{\"30\": {\"1\": \"35\", \"2\": 50}}','2018-09-30 20:03:00','2018-09-30 20:03:00'),(488,67,'2019-07-04','{\"30\": {\"1\": \"35\", \"2\": 50}}','2018-09-30 20:03:00','2018-09-30 20:03:00'),(489,67,'2019-07-05','{\"30\": {\"1\": \"35\", \"2\": 50}}','2018-09-30 20:03:00','2018-09-30 20:03:00'),(490,67,'2019-07-06','{\"30\": {\"1\": \"35\", \"2\": 50}}','2018-09-30 20:03:00','2018-09-30 20:03:00'),(491,67,'2019-07-07','{\"30\": {\"1\": \"35\", \"2\": 50}}','2018-09-30 20:03:00','2018-09-30 20:03:00'),(492,67,'2019-07-08','{\"30\": {\"1\": \"35\", \"2\": 50}}','2018-09-30 20:03:00','2018-09-30 20:03:00'),(493,67,'2019-07-09','{\"30\": {\"1\": \"35\", \"2\": 50}}','2018-09-30 20:03:00','2018-09-30 20:03:00'),(494,67,'2019-07-10','{\"30\": {\"1\": \"35\", \"2\": 50}}','2018-09-30 20:03:00','2018-09-30 20:03:00'),(495,67,'2019-07-11','{\"30\": {\"1\": \"35\", \"2\": 50}}','2018-09-30 20:03:00','2018-09-30 20:03:00'),(496,67,'2019-07-12','{\"30\": {\"1\": \"35\", \"2\": 50}}','2018-09-30 20:03:00','2018-09-30 20:03:00'),(497,67,'2019-07-13','{\"30\": {\"1\": \"35\", \"2\": 50}}','2018-09-30 20:03:00','2018-09-30 20:03:00'),(498,67,'2019-07-14','{\"30\": {\"1\": \"35\", \"2\": 50}}','2018-09-30 20:03:00','2018-09-30 20:03:00'),(499,67,'2019-07-15','{\"30\": {\"1\": \"35\", \"2\": 50}}','2018-09-30 20:03:00','2018-09-30 20:03:00'),(500,67,'2019-07-16','{\"30\": {\"1\": \"35\", \"2\": 50}}','2018-09-30 20:03:00','2018-09-30 20:03:00'),(501,67,'2019-07-17','{\"30\": {\"1\": \"35\", \"2\": 50}}','2018-09-30 20:03:00','2018-09-30 20:03:00'),(502,67,'2019-07-18','{\"30\": {\"1\": \"35\", \"2\": 50}}','2018-09-30 20:03:00','2018-09-30 20:03:00'),(503,67,'2019-07-19','{\"30\": {\"1\": \"35\", \"2\": 50}}','2018-09-30 20:03:00','2018-09-30 20:03:00'),(504,67,'2019-07-20','{\"30\": {\"1\": \"35\", \"2\": 50}}','2018-09-30 20:03:00','2018-09-30 20:03:00'),(505,67,'2019-07-21','{\"30\": {\"1\": \"35\", \"2\": 50}}','2018-09-30 20:03:00','2018-09-30 20:03:00'),(506,67,'2019-07-22','{\"30\": {\"1\": \"35\", \"2\": 50}}','2018-09-30 20:03:00','2018-09-30 20:03:00'),(507,67,'2019-07-23','{\"30\": {\"1\": \"35\", \"2\": 50}}','2018-09-30 20:03:00','2018-09-30 20:03:00'),(508,67,'2019-07-24','{\"30\": {\"1\": \"35\", \"2\": 50}}','2018-09-30 20:03:00','2018-09-30 20:03:00'),(509,67,'2019-07-25','{\"30\": {\"1\": \"35\", \"2\": 50}}','2018-09-30 20:03:00','2018-09-30 20:03:00'),(510,67,'2019-07-26','{\"30\": {\"1\": \"35\", \"2\": 50}}','2018-09-30 20:03:00','2018-09-30 20:03:00'),(511,67,'2019-07-27','{\"30\": {\"1\": \"35\", \"2\": 50}}','2018-09-30 20:03:00','2018-09-30 20:03:00'),(512,67,'2019-07-28','{\"30\": {\"1\": \"35\", \"2\": 50}}','2018-09-30 20:03:00','2018-09-30 20:03:00'),(513,67,'2019-07-29','{\"30\": {\"1\": \"35\", \"2\": 50}}','2018-09-30 20:03:00','2018-09-30 20:03:00'),(514,67,'2019-07-30','{\"30\": {\"1\": \"35\", \"2\": 50}}','2018-09-30 20:03:00','2018-09-30 20:03:00'),(515,67,'2019-07-31','{\"30\": {\"1\": \"35\", \"2\": 50}}','2018-09-30 20:03:00','2018-09-30 20:03:00'),(516,67,'2019-08-01','{\"30\": {\"1\": \"35\", \"2\": 50}}','2018-09-30 20:03:00','2018-09-30 20:03:00'),(517,67,'2019-08-02','{\"30\": {\"1\": \"35\", \"2\": 50}}','2018-09-30 20:03:00','2018-09-30 20:03:00'),(518,67,'2019-08-03','{\"30\": {\"1\": \"35\", \"2\": 50}}','2018-09-30 20:03:00','2018-09-30 20:03:00'),(519,67,'2019-08-04','{\"30\": {\"1\": \"35\", \"2\": 50}}','2018-09-30 20:03:00','2018-09-30 20:03:00'),(520,67,'2019-08-05','{\"30\": {\"1\": \"35\", \"2\": 50}}','2018-09-30 20:03:00','2018-09-30 20:03:00'),(521,67,'2019-08-06','{\"30\": {\"1\": \"35\", \"2\": 50}}','2018-09-30 20:03:00','2018-09-30 20:03:00'),(522,67,'2019-08-07','{\"30\": {\"1\": \"35\", \"2\": 50}}','2018-09-30 20:03:00','2018-09-30 20:03:00'),(523,67,'2019-08-08','{\"30\": {\"1\": \"35\", \"2\": 50}}','2018-09-30 20:03:00','2018-09-30 20:03:00'),(524,67,'2019-08-09','{\"30\": {\"1\": \"35\", \"2\": 50}}','2018-09-30 20:03:00','2018-09-30 20:03:00'),(525,67,'2019-08-10','{\"30\": {\"1\": \"35\", \"2\": 50}}','2018-09-30 20:03:00','2018-09-30 20:03:00'),(526,67,'2019-08-11','{\"30\": {\"1\": \"35\", \"2\": 50}}','2018-09-30 20:03:00','2018-09-30 20:03:00'),(527,67,'2019-08-12','{\"30\": {\"1\": \"35\", \"2\": 50}}','2018-09-30 20:03:00','2018-09-30 20:03:00'),(528,67,'2019-08-13','{\"30\": {\"1\": \"35\", \"2\": 50}}','2018-09-30 20:03:00','2018-09-30 20:03:00'),(529,67,'2019-08-14','{\"30\": {\"1\": \"35\", \"2\": 50}}','2018-09-30 20:03:00','2018-09-30 20:03:00'),(530,67,'2019-08-15','{\"30\": {\"1\": \"35\", \"2\": 50}}','2018-09-30 20:03:00','2018-09-30 20:03:00'),(531,67,'2019-08-16','{\"30\": {\"1\": \"35\", \"2\": 50}}','2018-09-30 20:03:00','2018-09-30 20:03:00'),(532,67,'2019-08-17','{\"30\": {\"1\": \"35\", \"2\": 50}}','2018-09-30 20:03:00','2018-09-30 20:03:00'),(533,67,'2019-08-18','{\"30\": {\"1\": \"35\", \"2\": 50}}','2018-09-30 20:03:00','2018-09-30 20:03:00'),(534,67,'2019-08-19','{\"30\": {\"1\": \"35\", \"2\": 50}}','2018-09-30 20:03:00','2018-09-30 20:03:00'),(535,67,'2019-08-20','{\"30\": {\"1\": \"35\", \"2\": 50}}','2018-09-30 20:03:00','2018-09-30 20:03:00'),(536,67,'2019-08-21','{\"30\": {\"1\": \"35\", \"2\": 50}}','2018-09-30 20:03:00','2018-09-30 20:03:00'),(537,67,'2019-08-22','{\"30\": {\"1\": \"35\", \"2\": 50}}','2018-09-30 20:03:00','2018-09-30 20:03:00'),(538,67,'2019-08-23','{\"30\": {\"1\": \"35\", \"2\": 50}}','2018-09-30 20:03:00','2018-09-30 20:03:00'),(539,67,'2019-08-24','{\"30\": {\"1\": \"35\", \"2\": 50}}','2018-09-30 20:03:00','2018-09-30 20:03:00'),(540,67,'2019-08-25','{\"30\": {\"1\": \"35\", \"2\": 50}}','2018-09-30 20:03:00','2018-09-30 20:03:00'),(541,67,'2019-08-26','{\"30\": {\"1\": \"35\", \"2\": 50}}','2018-09-30 20:03:00','2018-09-30 20:03:00'),(542,67,'2019-08-27','{\"30\": {\"1\": \"35\", \"2\": 50}}','2018-09-30 20:03:00','2018-09-30 20:03:00'),(543,67,'2019-08-28','{\"30\": {\"1\": \"35\", \"2\": 50}}','2018-09-30 20:03:00','2018-09-30 20:03:00'),(544,67,'2019-08-29','{\"30\": {\"1\": \"35\", \"2\": 50}}','2018-09-30 20:03:00','2018-09-30 20:03:00'),(545,67,'2019-08-30','{\"30\": {\"1\": \"35\", \"2\": 50}}','2018-09-30 20:03:00','2018-09-30 20:03:00'),(546,67,'2019-08-31','{\"30\": {\"1\": \"35\", \"2\": 50}}','2018-09-30 20:03:00','2018-09-30 20:03:00'),(547,67,'2019-09-01','{\"30\": {\"1\": \"35\", \"2\": 50}}','2018-09-30 20:03:00','2018-09-30 20:03:00'),(548,67,'2019-09-02','{\"30\": {\"1\": \"35\", \"2\": 50}}','2018-09-30 20:03:00','2018-09-30 20:03:00'),(549,67,'2019-09-03','{\"30\": {\"1\": \"35\", \"2\": 50}}','2018-09-30 20:03:00','2018-09-30 20:03:00'),(550,67,'2019-09-04','{\"30\": {\"1\": \"35\", \"2\": 50}}','2018-09-30 20:03:00','2018-09-30 20:03:00'),(551,67,'2019-09-05','{\"30\": {\"1\": \"35\", \"2\": 50}}','2018-09-30 20:03:00','2018-09-30 20:03:00'),(552,67,'2019-09-06','{\"30\": {\"1\": \"35\", \"2\": 50}}','2018-09-30 20:03:00','2018-09-30 20:03:00'),(553,67,'2019-09-07','{\"30\": {\"1\": \"35\", \"2\": 50}}','2018-09-30 20:03:00','2018-09-30 20:03:00'),(554,67,'2019-09-08','{\"30\": {\"1\": \"35\", \"2\": 50}}','2018-09-30 20:03:00','2018-09-30 20:03:00'),(555,67,'2019-09-09','{\"30\": {\"1\": \"35\", \"2\": 50}}','2018-09-30 20:03:00','2018-09-30 20:03:00'),(556,67,'2019-09-10','{\"30\": {\"1\": \"35\", \"2\": 50}}','2018-09-30 20:03:00','2018-09-30 20:03:00'),(557,67,'2019-09-11','{\"30\": {\"1\": \"35\", \"2\": 50}}','2018-09-30 20:03:00','2018-09-30 20:03:00'),(558,67,'2019-09-12','{\"30\": {\"1\": \"35\", \"2\": 50}}','2018-09-30 20:03:00','2018-09-30 20:03:00'),(559,67,'2019-09-13','{\"30\": {\"1\": \"35\", \"2\": 50}}','2018-09-30 20:03:00','2018-09-30 20:03:00'),(560,67,'2019-09-14','{\"30\": {\"1\": \"35\", \"2\": 50}}','2018-09-30 20:03:00','2018-09-30 20:03:00'),(561,67,'2019-09-15','{\"30\": {\"1\": \"35\", \"2\": 50}}','2018-09-30 20:03:00','2018-09-30 20:03:00'),(562,67,'2019-09-16','{\"30\": {\"1\": \"35\", \"2\": 50}}','2018-09-30 20:03:00','2018-09-30 20:03:00'),(563,67,'2019-09-17','{\"30\": {\"1\": \"35\", \"2\": 50}}','2018-09-30 20:03:00','2018-09-30 20:03:00'),(564,67,'2019-09-18','{\"30\": {\"1\": \"35\", \"2\": 50}}','2018-09-30 20:03:00','2018-09-30 20:03:00'),(565,67,'2019-09-19','{\"30\": {\"1\": \"35\", \"2\": 50}}','2018-09-30 20:03:00','2018-09-30 20:03:00'),(566,67,'2019-09-20','{\"30\": {\"1\": \"35\", \"2\": 50}}','2018-09-30 20:03:00','2018-09-30 20:03:00'),(567,67,'2019-09-21','{\"30\": {\"1\": \"35\", \"2\": 50}}','2018-09-30 20:03:00','2018-09-30 20:03:00'),(568,67,'2019-09-22','{\"30\": {\"1\": \"35\", \"2\": 50}}','2018-09-30 20:03:00','2018-09-30 20:03:00'),(569,67,'2019-09-23','{\"30\": {\"1\": \"35\", \"2\": 50}}','2018-09-30 20:03:00','2018-09-30 20:03:00'),(570,67,'2019-09-24','{\"30\": {\"1\": \"35\", \"2\": 50}}','2018-09-30 20:03:00','2018-09-30 20:03:00'),(571,67,'2019-09-25','{\"30\": {\"1\": \"35\", \"2\": 50}}','2018-09-30 20:03:00','2018-09-30 20:03:00'),(572,67,'2019-09-26','{\"30\": {\"1\": \"35\", \"2\": 50}}','2018-09-30 20:03:00','2018-09-30 20:03:00'),(573,67,'2019-09-27','{\"30\": {\"1\": \"35\", \"2\": 50}}','2018-09-30 20:03:00','2018-09-30 20:03:00'),(574,67,'2019-09-28','{\"30\": {\"1\": \"35\", \"2\": 50}}','2018-09-30 20:03:00','2018-09-30 20:03:00'),(575,67,'2019-09-29','{\"30\": {\"1\": \"35\", \"2\": 50}}','2018-09-30 20:03:00','2018-09-30 20:03:00'),(576,67,'2019-09-30','{\"30\": {\"1\": \"35\", \"2\": 50}}','2018-09-30 20:03:00','2018-09-30 20:03:00'),(577,67,'2019-10-01','{\"30\": {\"1\": \"35\", \"2\": 50}}','2018-09-30 20:03:00','2018-09-30 20:03:00'),(578,67,'2019-10-02','{\"30\": {\"1\": \"35\", \"2\": 50}}','2018-09-30 20:03:00','2018-09-30 20:03:00'),(579,67,'2019-10-03','{\"30\": {\"1\": \"35\", \"2\": 50}}','2018-09-30 20:03:00','2018-09-30 20:03:00'),(580,67,'2019-10-04','{\"30\": {\"1\": \"35\", \"2\": 50}}','2018-09-30 20:03:00','2018-09-30 20:03:00'),(581,67,'2019-10-05','{\"30\": {\"1\": \"35\", \"2\": 50}}','2018-09-30 20:03:00','2018-09-30 20:03:00'),(582,67,'2019-10-06','{\"30\": {\"1\": \"35\", \"2\": 50}}','2018-09-30 20:03:00','2018-09-30 20:03:00'),(583,67,'2019-10-07','{\"30\": {\"1\": \"35\", \"2\": 50}}','2018-09-30 20:03:00','2018-09-30 20:03:00'),(584,67,'2019-10-08','{\"30\": {\"1\": \"35\", \"2\": 50}}','2018-09-30 20:03:00','2018-09-30 20:03:00'),(585,67,'2019-10-09','{\"30\": {\"1\": \"35\", \"2\": 50}}','2018-09-30 20:03:00','2018-09-30 20:03:00'),(586,67,'2019-10-10','{\"30\": {\"1\": \"35\", \"2\": 50}}','2018-09-30 20:03:00','2018-09-30 20:03:00'),(587,67,'2019-10-11','{\"30\": {\"1\": \"35\", \"2\": 50}}','2018-09-30 20:03:00','2018-09-30 20:03:00'),(588,67,'2019-10-12','{\"30\": {\"1\": \"35\", \"2\": 50}}','2018-09-30 20:03:00','2018-09-30 20:03:00'),(589,67,'2019-10-13','{\"30\": {\"1\": \"35\", \"2\": 50}}','2018-09-30 20:03:00','2018-09-30 20:03:00'),(590,67,'2019-10-14','{\"30\": {\"1\": \"35\", \"2\": 50}}','2018-09-30 20:03:00','2018-09-30 20:03:00'),(591,67,'2019-10-15','{\"30\": {\"1\": \"35\", \"2\": 50}}','2018-09-30 20:03:00','2018-09-30 20:03:00'),(592,67,'2019-10-16','{\"30\": {\"1\": \"35\", \"2\": 50}}','2018-09-30 20:03:00','2018-09-30 20:03:00'),(593,67,'2019-10-17','{\"30\": {\"1\": \"35\", \"2\": 50}}','2018-09-30 20:03:00','2018-09-30 20:03:00'),(594,67,'2019-10-18','{\"30\": {\"1\": \"35\", \"2\": 50}}','2018-09-30 20:03:00','2018-09-30 20:03:00'),(595,67,'2019-10-19','{\"30\": {\"1\": \"35\", \"2\": 50}}','2018-09-30 20:03:00','2018-09-30 20:03:00'),(596,67,'2019-10-20','{\"30\": {\"1\": \"35\", \"2\": 50}}','2018-09-30 20:03:00','2018-09-30 20:03:00'),(597,67,'2019-10-21','{\"30\": {\"1\": \"35\", \"2\": 50}}','2018-09-30 20:03:00','2018-09-30 20:03:00'),(598,67,'2019-10-22','{\"30\": {\"1\": \"35\", \"2\": 50}}','2018-09-30 20:03:00','2018-09-30 20:03:00'),(599,67,'2019-10-23','{\"30\": {\"1\": \"35\", \"2\": 50}}','2018-09-30 20:03:00','2018-09-30 20:03:00'),(600,67,'2019-10-24','{\"30\": {\"1\": \"35\", \"2\": 50}}','2018-09-30 20:03:00','2018-09-30 20:03:00'),(601,67,'2019-10-25','{\"30\": {\"1\": \"35\", \"2\": 50}}','2018-09-30 20:03:00','2018-09-30 20:03:00'),(602,67,'2019-10-26','{\"30\": {\"1\": \"35\", \"2\": 50}}','2018-09-30 20:03:00','2018-09-30 20:03:00'),(603,67,'2019-10-27','{\"30\": {\"1\": \"35\", \"2\": 50}}','2018-09-30 20:03:00','2018-09-30 20:03:00'),(604,67,'2019-10-28','{\"30\": {\"1\": \"35\", \"2\": 50}}','2018-09-30 20:03:00','2018-09-30 20:03:00'),(605,67,'2019-10-29','{\"30\": {\"1\": \"35\", \"2\": 50}}','2018-09-30 20:03:00','2018-09-30 20:03:00'),(606,67,'2019-10-30','{\"30\": {\"1\": \"35\", \"2\": 50}}','2018-09-30 20:03:00','2018-09-30 20:03:00'),(607,67,'2019-10-31','{\"30\": {\"1\": \"35\", \"2\": 50}}','2018-09-30 20:03:00','2018-09-30 20:03:00'),(608,66,'2018-12-01','{\"30\": {\"1\": \"40\", \"2\": 50}}','2018-09-30 20:03:36','2018-09-30 20:03:36'),(609,66,'2018-12-02','{\"30\": {\"1\": \"40\", \"2\": 50}}','2018-09-30 20:03:36','2018-09-30 20:03:36'),(610,66,'2018-12-03','{\"30\": {\"1\": \"40\", \"2\": 50}}','2018-09-30 20:03:36','2018-09-30 20:03:36'),(611,66,'2018-12-04','{\"30\": {\"1\": \"40\", \"2\": 50}}','2018-09-30 20:03:36','2018-09-30 20:03:36'),(612,66,'2018-12-05','{\"30\": {\"1\": \"40\", \"2\": 50}}','2018-09-30 20:03:36','2018-09-30 20:03:36'),(613,66,'2018-12-06','{\"30\": {\"1\": \"40\", \"2\": 50}}','2018-09-30 20:03:36','2018-09-30 20:03:36'),(614,66,'2018-12-07','{\"30\": {\"1\": \"40\", \"2\": 50}}','2018-09-30 20:03:36','2018-09-30 20:03:36'),(615,66,'2018-12-08','{\"30\": {\"1\": \"40\", \"2\": 50}}','2018-09-30 20:03:36','2018-09-30 20:03:36'),(616,66,'2018-12-09','{\"30\": {\"1\": \"40\", \"2\": 50}}','2018-09-30 20:03:36','2018-09-30 20:03:36'),(617,66,'2018-12-10','{\"30\": {\"1\": \"40\", \"2\": 50}}','2018-09-30 20:03:36','2018-09-30 20:03:36'),(618,66,'2018-12-11','{\"30\": {\"1\": \"40\", \"2\": 50}}','2018-09-30 20:03:36','2018-09-30 20:03:36'),(619,66,'2018-12-12','{\"30\": {\"1\": \"40\", \"2\": 50}}','2018-09-30 20:03:36','2018-09-30 20:03:36'),(620,66,'2018-12-13','{\"30\": {\"1\": \"40\", \"2\": 50}}','2018-09-30 20:03:36','2018-09-30 20:03:36'),(621,66,'2018-12-14','{\"30\": {\"1\": \"40\", \"2\": 50}}','2018-09-30 20:03:36','2018-09-30 20:03:36'),(622,66,'2018-12-15','{\"30\": {\"1\": \"40\", \"2\": 50}}','2018-09-30 20:03:36','2018-09-30 20:03:36'),(623,66,'2018-12-16','{\"30\": {\"1\": \"40\", \"2\": 50}}','2018-09-30 20:03:36','2018-09-30 20:03:36'),(624,66,'2018-12-17','{\"30\": {\"1\": \"40\", \"2\": 50}}','2018-09-30 20:03:36','2018-09-30 20:03:36'),(625,66,'2018-12-18','{\"30\": {\"1\": \"40\", \"2\": 50}}','2018-09-30 20:03:36','2018-09-30 20:03:36'),(626,66,'2018-12-19','{\"30\": {\"1\": \"40\", \"2\": 50}}','2018-09-30 20:03:36','2018-09-30 20:03:36'),(627,66,'2018-12-20','{\"30\": {\"1\": \"40\", \"2\": 50}}','2018-09-30 20:03:36','2018-09-30 20:03:36'),(628,66,'2018-12-21','{\"30\": {\"1\": \"40\", \"2\": 50}}','2018-09-30 20:03:36','2018-09-30 20:03:36'),(629,66,'2018-12-22','{\"30\": {\"1\": \"40\", \"2\": 50}}','2018-09-30 20:03:36','2018-09-30 20:03:36'),(630,66,'2018-12-23','{\"30\": {\"1\": \"40\", \"2\": 50}}','2018-09-30 20:03:36','2018-09-30 20:03:36'),(631,66,'2018-12-24','{\"30\": {\"1\": \"40\", \"2\": 50}}','2018-09-30 20:03:36','2018-09-30 20:03:36'),(632,66,'2018-12-25','{\"30\": {\"1\": \"40\", \"2\": 50}}','2018-09-30 20:03:36','2018-09-30 20:03:36'),(633,66,'2018-12-26','{\"30\": {\"1\": \"40\", \"2\": 50}}','2018-09-30 20:03:36','2018-09-30 20:03:36'),(634,66,'2018-12-27','{\"30\": {\"1\": \"40\", \"2\": 50}}','2018-09-30 20:03:36','2018-09-30 20:03:36'),(635,66,'2018-12-28','{\"30\": {\"1\": \"40\", \"2\": 50}}','2018-09-30 20:03:36','2018-09-30 20:03:36'),(636,66,'2018-12-29','{\"30\": {\"1\": \"40\", \"2\": 50}}','2018-09-30 20:03:36','2018-09-30 20:03:36'),(637,66,'2018-12-30','{\"30\": {\"1\": \"40\", \"2\": 50}}','2018-09-30 20:03:36','2018-09-30 20:03:36'),(638,66,'2018-12-31','{\"30\": {\"1\": \"40\", \"2\": 50}}','2018-09-30 20:03:36','2018-09-30 20:03:36'),(639,66,'2019-01-01','{\"30\": {\"1\": \"40\", \"2\": 50}}','2018-09-30 20:03:36','2018-09-30 20:03:36'),(640,66,'2019-01-02','{\"30\": {\"1\": \"40\", \"2\": 50}}','2018-09-30 20:03:36','2018-09-30 20:03:36'),(641,66,'2019-01-03','{\"30\": {\"1\": \"40\", \"2\": 50}}','2018-09-30 20:03:36','2018-09-30 20:03:36'),(642,66,'2019-01-04','{\"30\": {\"1\": \"40\", \"2\": 50}}','2018-09-30 20:03:36','2018-09-30 20:03:36'),(643,66,'2019-01-05','{\"30\": {\"1\": \"40\", \"2\": 50}}','2018-09-30 20:03:36','2018-09-30 20:03:36'),(644,66,'2019-01-06','{\"30\": {\"1\": \"40\", \"2\": 50}}','2018-09-30 20:03:36','2018-09-30 20:03:36'),(645,66,'2019-01-07','{\"30\": {\"1\": \"40\", \"2\": 50}}','2018-09-30 20:03:36','2018-09-30 20:03:36'),(646,66,'2019-01-08','{\"30\": {\"1\": \"40\", \"2\": 50}}','2018-09-30 20:03:36','2018-09-30 20:03:36'),(647,66,'2019-01-09','{\"30\": {\"1\": \"40\", \"2\": 50}}','2018-09-30 20:03:36','2018-09-30 20:03:36'),(648,66,'2019-01-10','{\"30\": {\"1\": \"40\", \"2\": 50}}','2018-09-30 20:03:36','2018-09-30 20:03:36'),(649,66,'2019-01-11','{\"30\": {\"1\": \"40\", \"2\": 50}}','2018-09-30 20:03:36','2018-09-30 20:03:36'),(650,66,'2019-01-12','{\"30\": {\"1\": \"40\", \"2\": 50}}','2018-09-30 20:03:36','2018-09-30 20:03:36'),(651,66,'2019-01-13','{\"30\": {\"1\": \"40\", \"2\": 50}}','2018-09-30 20:03:36','2018-09-30 20:03:36'),(652,66,'2019-01-14','{\"30\": {\"1\": \"40\", \"2\": 50}}','2018-09-30 20:03:36','2018-09-30 20:03:36'),(653,66,'2019-01-15','{\"30\": {\"1\": \"40\", \"2\": 50}}','2018-09-30 20:03:36','2018-09-30 20:03:36'),(654,66,'2019-01-16','{\"30\": {\"1\": \"40\", \"2\": 50}}','2018-09-30 20:03:36','2018-09-30 20:03:36'),(655,66,'2019-01-17','{\"30\": {\"1\": \"40\", \"2\": 50}}','2018-09-30 20:03:36','2018-09-30 20:03:36'),(656,66,'2019-01-18','{\"30\": {\"1\": \"40\", \"2\": 50}}','2018-09-30 20:03:36','2018-09-30 20:03:36'),(657,66,'2019-01-19','{\"30\": {\"1\": \"40\", \"2\": 50}}','2018-09-30 20:03:36','2018-09-30 20:03:36'),(658,66,'2019-01-20','{\"30\": {\"1\": \"40\", \"2\": 50}}','2018-09-30 20:03:36','2018-09-30 20:03:36'),(659,66,'2019-01-21','{\"30\": {\"1\": \"40\", \"2\": 50}}','2018-09-30 20:03:36','2018-09-30 20:03:36'),(660,66,'2019-01-22','{\"30\": {\"1\": \"40\", \"2\": 50}}','2018-09-30 20:03:36','2018-09-30 20:03:36'),(661,66,'2019-01-23','{\"30\": {\"1\": \"40\", \"2\": 50}}','2018-09-30 20:03:36','2018-09-30 20:03:36'),(662,66,'2019-01-24','{\"30\": {\"1\": \"40\", \"2\": 50}}','2018-09-30 20:03:36','2018-09-30 20:03:36'),(663,66,'2019-01-25','{\"30\": {\"1\": \"40\", \"2\": 50}}','2018-09-30 20:03:36','2018-09-30 20:03:36'),(664,66,'2019-01-26','{\"30\": {\"1\": \"40\", \"2\": 50}}','2018-09-30 20:03:36','2018-09-30 20:03:36'),(665,66,'2019-01-27','{\"30\": {\"1\": \"40\", \"2\": 50}}','2018-09-30 20:03:36','2018-09-30 20:03:36'),(666,66,'2019-01-28','{\"30\": {\"1\": \"40\", \"2\": 50}}','2018-09-30 20:03:36','2018-09-30 20:03:36'),(667,66,'2019-01-29','{\"30\": {\"1\": \"40\", \"2\": 50}}','2018-09-30 20:03:36','2018-09-30 20:03:36'),(668,66,'2019-01-30','{\"30\": {\"1\": \"40\", \"2\": 50}}','2018-09-30 20:03:36','2018-09-30 20:03:36'),(669,66,'2019-01-31','{\"30\": {\"1\": \"40\", \"2\": 50}}','2018-09-30 20:03:36','2018-09-30 20:03:36'),(670,66,'2019-02-01','{\"30\": {\"1\": \"40\", \"2\": 50}}','2018-09-30 20:03:36','2018-09-30 20:03:36'),(671,66,'2019-02-02','{\"30\": {\"1\": \"40\", \"2\": 50}}','2018-09-30 20:03:36','2018-09-30 20:03:36'),(672,66,'2019-02-03','{\"30\": {\"1\": \"40\", \"2\": 50}}','2018-09-30 20:03:36','2018-09-30 20:03:36'),(673,66,'2019-02-04','{\"30\": {\"1\": \"40\", \"2\": 50}}','2018-09-30 20:03:36','2018-09-30 20:03:36'),(674,66,'2019-02-05','{\"30\": {\"1\": \"40\", \"2\": 50}}','2018-09-30 20:03:36','2018-09-30 20:03:36'),(675,66,'2019-02-06','{\"30\": {\"1\": \"40\", \"2\": 50}}','2018-09-30 20:03:36','2018-09-30 20:03:36'),(676,66,'2019-02-07','{\"30\": {\"1\": \"40\", \"2\": 50}}','2018-09-30 20:03:36','2018-09-30 20:03:36'),(677,66,'2019-02-08','{\"30\": {\"1\": \"40\", \"2\": 50}}','2018-09-30 20:03:36','2018-09-30 20:03:36'),(678,66,'2019-02-09','{\"30\": {\"1\": \"40\", \"2\": 50}}','2018-09-30 20:03:36','2018-09-30 20:03:36'),(679,66,'2019-02-10','{\"30\": {\"1\": \"40\", \"2\": 50}}','2018-09-30 20:03:36','2018-09-30 20:03:36'),(680,66,'2019-02-11','{\"30\": {\"1\": \"40\", \"2\": 50}}','2018-09-30 20:03:36','2018-09-30 20:03:36'),(681,66,'2019-02-12','{\"30\": {\"1\": \"40\", \"2\": 50}}','2018-09-30 20:03:36','2018-09-30 20:03:36'),(682,66,'2019-02-13','{\"30\": {\"1\": \"40\", \"2\": 50}}','2018-09-30 20:03:36','2018-09-30 20:03:36'),(683,66,'2019-02-14','{\"30\": {\"1\": \"40\", \"2\": 50}}','2018-09-30 20:03:36','2018-09-30 20:03:36'),(684,66,'2019-02-15','{\"30\": {\"1\": \"40\", \"2\": 50}}','2018-09-30 20:03:36','2018-09-30 20:03:36'),(685,66,'2019-02-16','{\"30\": {\"1\": \"40\", \"2\": 50}}','2018-09-30 20:03:36','2018-09-30 20:03:36'),(686,66,'2019-02-17','{\"30\": {\"1\": \"40\", \"2\": 50}}','2018-09-30 20:03:36','2018-09-30 20:03:36'),(687,66,'2019-02-18','{\"30\": {\"1\": \"40\", \"2\": 50}}','2018-09-30 20:03:36','2018-09-30 20:03:36'),(688,66,'2019-02-19','{\"30\": {\"1\": \"40\", \"2\": 50}}','2018-09-30 20:03:36','2018-09-30 20:03:36'),(689,66,'2019-02-20','{\"30\": {\"1\": \"40\", \"2\": 50}}','2018-09-30 20:03:36','2018-09-30 20:03:36'),(690,66,'2019-02-21','{\"30\": {\"1\": \"40\", \"2\": 50}}','2018-09-30 20:03:36','2018-09-30 20:03:36'),(691,66,'2019-02-22','{\"30\": {\"1\": \"40\", \"2\": 50}}','2018-09-30 20:03:36','2018-09-30 20:03:36'),(692,66,'2019-02-23','{\"30\": {\"1\": \"40\", \"2\": 50}}','2018-09-30 20:03:36','2018-09-30 20:03:36'),(693,66,'2019-02-24','{\"30\": {\"1\": \"40\", \"2\": 50}}','2018-09-30 20:03:36','2018-09-30 20:03:36'),(694,66,'2019-02-25','{\"30\": {\"1\": \"40\", \"2\": 50}}','2018-09-30 20:03:36','2018-09-30 20:03:36'),(695,66,'2019-02-26','{\"30\": {\"1\": \"40\", \"2\": 50}}','2018-09-30 20:03:36','2018-09-30 20:03:36'),(696,66,'2019-02-27','{\"30\": {\"1\": \"40\", \"2\": 50}}','2018-09-30 20:03:36','2018-09-30 20:03:36'),(697,66,'2019-02-28','{\"30\": {\"1\": \"40\", \"2\": 50}}','2018-09-30 20:03:36','2018-09-30 20:03:36'),(698,66,'2019-03-01','{\"30\": {\"1\": \"40\", \"2\": 50}}','2018-09-30 20:03:36','2018-09-30 20:03:36'),(699,66,'2019-03-02','{\"30\": {\"1\": \"40\", \"2\": 50}}','2018-09-30 20:03:36','2018-09-30 20:03:36'),(700,66,'2019-03-03','{\"30\": {\"1\": \"40\", \"2\": 50}}','2018-09-30 20:03:36','2018-09-30 20:03:36'),(701,66,'2019-03-04','{\"30\": {\"1\": \"40\", \"2\": 50}}','2018-09-30 20:03:36','2018-09-30 20:03:36'),(702,66,'2019-03-05','{\"30\": {\"1\": \"40\", \"2\": 50}}','2018-09-30 20:03:36','2018-09-30 20:03:36'),(703,66,'2019-03-06','{\"30\": {\"1\": \"40\", \"2\": 50}}','2018-09-30 20:03:36','2018-09-30 20:03:36'),(704,66,'2019-03-07','{\"30\": {\"1\": \"40\", \"2\": 50}}','2018-09-30 20:03:36','2018-09-30 20:03:36'),(705,66,'2019-03-08','{\"30\": {\"1\": \"40\", \"2\": 50}}','2018-09-30 20:03:36','2018-09-30 20:03:36'),(706,66,'2019-03-09','{\"30\": {\"1\": \"40\", \"2\": 50}}','2018-09-30 20:03:36','2018-09-30 20:03:36'),(707,66,'2019-03-10','{\"30\": {\"1\": \"40\", \"2\": 50}}','2018-09-30 20:03:36','2018-09-30 20:03:36'),(708,66,'2019-03-11','{\"30\": {\"1\": \"40\", \"2\": 50}}','2018-09-30 20:03:36','2018-09-30 20:03:36'),(709,66,'2019-03-12','{\"30\": {\"1\": \"40\", \"2\": 50}}','2018-09-30 20:03:36','2018-09-30 20:03:36'),(710,66,'2019-03-13','{\"30\": {\"1\": \"40\", \"2\": 50}}','2018-09-30 20:03:36','2018-09-30 20:03:36'),(711,66,'2019-03-14','{\"30\": {\"1\": \"40\", \"2\": 50}}','2018-09-30 20:03:36','2018-09-30 20:03:36'),(712,66,'2019-03-15','{\"30\": {\"1\": \"40\", \"2\": 50}}','2018-09-30 20:03:36','2018-09-30 20:03:36'),(713,66,'2019-03-16','{\"30\": {\"1\": \"40\", \"2\": 50}}','2018-09-30 20:03:36','2018-09-30 20:03:36'),(714,66,'2019-03-17','{\"30\": {\"1\": \"40\", \"2\": 50}}','2018-09-30 20:03:36','2018-09-30 20:03:36'),(715,66,'2019-03-18','{\"30\": {\"1\": \"40\", \"2\": 50}}','2018-09-30 20:03:36','2018-09-30 20:03:36'),(716,66,'2019-03-19','{\"30\": {\"1\": \"40\", \"2\": 50}}','2018-09-30 20:03:36','2018-09-30 20:03:36'),(717,66,'2019-03-20','{\"30\": {\"1\": \"40\", \"2\": 50}}','2018-09-30 20:03:37','2018-09-30 20:03:37'),(718,66,'2019-03-21','{\"30\": {\"1\": \"40\", \"2\": 50}}','2018-09-30 20:03:37','2018-09-30 20:03:37'),(719,66,'2019-03-22','{\"30\": {\"1\": \"40\", \"2\": 50}}','2018-09-30 20:03:37','2018-09-30 20:03:37'),(720,66,'2019-03-23','{\"30\": {\"1\": \"40\", \"2\": 50}}','2018-09-30 20:03:37','2018-09-30 20:03:37'),(721,66,'2019-03-24','{\"30\": {\"1\": \"40\", \"2\": 50}}','2018-09-30 20:03:37','2018-09-30 20:03:37'),(722,66,'2019-03-25','{\"30\": {\"1\": \"40\", \"2\": 50}}','2018-09-30 20:03:37','2018-09-30 20:03:37'),(723,66,'2019-03-26','{\"30\": {\"1\": \"40\", \"2\": 50}}','2018-09-30 20:03:37','2018-09-30 20:03:37'),(724,66,'2019-03-27','{\"30\": {\"1\": \"40\", \"2\": 50}}','2018-09-30 20:03:37','2018-09-30 20:03:37'),(725,66,'2019-03-28','{\"30\": {\"1\": \"40\", \"2\": 50}}','2018-09-30 20:03:37','2018-09-30 20:03:37'),(726,66,'2019-03-29','{\"30\": {\"1\": \"40\", \"2\": 50}}','2018-09-30 20:03:37','2018-09-30 20:03:37'),(727,66,'2019-03-30','{\"30\": {\"1\": \"40\", \"2\": 50}}','2018-09-30 20:03:37','2018-09-30 20:03:37'),(728,66,'2019-03-31','{\"30\": {\"1\": \"40\", \"2\": 50}}','2018-09-30 20:03:37','2018-09-30 20:03:37'),(729,66,'2019-04-01','{\"30\": {\"1\": \"40\", \"2\": 50}}','2018-09-30 20:03:37','2018-09-30 20:03:37'),(730,66,'2019-04-02','{\"30\": {\"1\": \"40\", \"2\": 50}}','2018-09-30 20:03:37','2018-09-30 20:03:37'),(731,66,'2019-04-03','{\"30\": {\"1\": \"40\", \"2\": 50}}','2018-09-30 20:03:37','2018-09-30 20:03:37'),(732,66,'2019-04-04','{\"30\": {\"1\": \"40\", \"2\": 50}}','2018-09-30 20:03:37','2018-09-30 20:03:37'),(733,66,'2019-04-05','{\"30\": {\"1\": \"40\", \"2\": 50}}','2018-09-30 20:03:37','2018-09-30 20:03:37'),(734,66,'2019-04-06','{\"30\": {\"1\": \"40\", \"2\": 50}}','2018-09-30 20:03:37','2018-09-30 20:03:37'),(735,66,'2019-04-07','{\"30\": {\"1\": \"40\", \"2\": 50}}','2018-09-30 20:03:37','2018-09-30 20:03:37'),(736,66,'2019-04-08','{\"30\": {\"1\": \"40\", \"2\": 50}}','2018-09-30 20:03:37','2018-09-30 20:03:37'),(737,66,'2019-04-09','{\"30\": {\"1\": \"40\", \"2\": 50}}','2018-09-30 20:03:37','2018-09-30 20:03:37'),(738,66,'2019-04-10','{\"30\": {\"1\": \"40\", \"2\": 50}}','2018-09-30 20:03:37','2018-09-30 20:03:37'),(739,66,'2019-04-11','{\"30\": {\"1\": \"40\", \"2\": 50}}','2018-09-30 20:03:37','2018-09-30 20:03:37'),(740,66,'2019-04-12','{\"30\": {\"1\": \"40\", \"2\": 50}}','2018-09-30 20:03:37','2018-09-30 20:03:37'),(741,66,'2019-04-13','{\"30\": {\"1\": \"40\", \"2\": 50}}','2018-09-30 20:03:37','2018-09-30 20:03:37'),(742,66,'2019-04-14','{\"30\": {\"1\": \"40\", \"2\": 50}}','2018-09-30 20:03:37','2018-09-30 20:03:37'),(743,66,'2019-04-15','{\"30\": {\"1\": \"40\", \"2\": 50}}','2018-09-30 20:03:37','2018-09-30 20:03:37'),(744,66,'2019-04-16','{\"30\": {\"1\": \"40\", \"2\": 50}}','2018-09-30 20:03:37','2018-09-30 20:03:37'),(745,66,'2019-04-17','{\"30\": {\"1\": \"40\", \"2\": 50}}','2018-09-30 20:03:37','2018-09-30 20:03:37'),(746,66,'2019-04-18','{\"30\": {\"1\": \"40\", \"2\": 50}}','2018-09-30 20:03:37','2018-09-30 20:03:37'),(747,66,'2019-04-19','{\"30\": {\"1\": \"40\", \"2\": 50}}','2018-09-30 20:03:37','2018-09-30 20:03:37'),(748,66,'2019-04-20','{\"30\": {\"1\": \"40\", \"2\": 50}}','2018-09-30 20:03:37','2018-09-30 20:03:37'),(749,66,'2019-04-21','{\"30\": {\"1\": \"40\", \"2\": 50}}','2018-09-30 20:03:37','2018-09-30 20:03:37'),(750,66,'2019-04-22','{\"30\": {\"1\": \"40\", \"2\": 50}}','2018-09-30 20:03:37','2018-09-30 20:03:37'),(751,66,'2019-04-23','{\"30\": {\"1\": \"40\", \"2\": 50}}','2018-09-30 20:03:37','2018-09-30 20:03:37'),(752,66,'2019-04-24','{\"30\": {\"1\": \"40\", \"2\": 50}}','2018-09-30 20:03:37','2018-09-30 20:03:37'),(753,66,'2019-04-25','{\"30\": {\"1\": \"40\", \"2\": 50}}','2018-09-30 20:03:37','2018-09-30 20:03:37'),(754,66,'2019-04-26','{\"30\": {\"1\": \"40\", \"2\": 50}}','2018-09-30 20:03:37','2018-09-30 20:03:37'),(755,66,'2019-04-27','{\"30\": {\"1\": \"40\", \"2\": 50}}','2018-09-30 20:03:37','2018-09-30 20:03:37'),(756,66,'2019-04-28','{\"30\": {\"1\": \"40\", \"2\": 50}}','2018-09-30 20:03:37','2018-09-30 20:03:37'),(757,66,'2019-04-29','{\"30\": {\"1\": \"40\", \"2\": 50}}','2018-09-30 20:03:37','2018-09-30 20:03:37'),(758,66,'2019-04-30','{\"30\": {\"1\": \"40\", \"2\": 50}}','2018-09-30 20:03:37','2018-09-30 20:03:37'),(759,66,'2019-05-01','{\"30\": {\"1\": \"40\", \"2\": 50}}','2018-09-30 20:03:37','2018-09-30 20:03:37'),(760,66,'2019-05-02','{\"30\": {\"1\": \"40\", \"2\": 50}}','2018-09-30 20:03:37','2018-09-30 20:03:37'),(761,66,'2019-05-03','{\"30\": {\"1\": \"40\", \"2\": 50}}','2018-09-30 20:03:37','2018-09-30 20:03:37'),(762,66,'2019-05-04','{\"30\": {\"1\": \"40\", \"2\": 50}}','2018-09-30 20:03:37','2018-09-30 20:03:37'),(763,66,'2019-05-05','{\"30\": {\"1\": \"40\", \"2\": 50}}','2018-09-30 20:03:37','2018-09-30 20:03:37'),(764,66,'2019-05-06','{\"30\": {\"1\": \"40\", \"2\": 50}}','2018-09-30 20:03:37','2018-09-30 20:03:37'),(765,66,'2019-05-07','{\"30\": {\"1\": \"40\", \"2\": 50}}','2018-09-30 20:03:37','2018-09-30 20:03:37'),(766,66,'2019-05-08','{\"30\": {\"1\": \"40\", \"2\": 50}}','2018-09-30 20:03:37','2018-09-30 20:03:37'),(767,66,'2019-05-09','{\"30\": {\"1\": \"40\", \"2\": 50}}','2018-09-30 20:03:37','2018-09-30 20:03:37'),(768,66,'2019-05-10','{\"30\": {\"1\": \"40\", \"2\": 50}}','2018-09-30 20:03:37','2018-09-30 20:03:37'),(769,66,'2019-05-11','{\"30\": {\"1\": \"40\", \"2\": 50}}','2018-09-30 20:03:37','2018-09-30 20:03:37'),(770,66,'2019-05-12','{\"30\": {\"1\": \"40\", \"2\": 50}}','2018-09-30 20:03:37','2018-09-30 20:03:37'),(771,66,'2019-05-13','{\"30\": {\"1\": \"40\", \"2\": 50}}','2018-09-30 20:03:37','2018-09-30 20:03:37'),(772,66,'2019-05-14','{\"30\": {\"1\": \"40\", \"2\": 50}}','2018-09-30 20:03:37','2018-09-30 20:03:37'),(773,66,'2019-05-15','{\"30\": {\"1\": \"40\", \"2\": 50}}','2018-09-30 20:03:37','2018-09-30 20:03:37'),(774,66,'2019-05-16','{\"30\": {\"1\": \"40\", \"2\": 50}}','2018-09-30 20:03:37','2018-09-30 20:03:37'),(775,66,'2019-05-17','{\"30\": {\"1\": \"40\", \"2\": 50}}','2018-09-30 20:03:37','2018-09-30 20:03:37'),(776,66,'2019-05-18','{\"30\": {\"1\": \"40\", \"2\": 50}}','2018-09-30 20:03:37','2018-09-30 20:03:37'),(777,66,'2019-05-19','{\"30\": {\"1\": \"40\", \"2\": 50}}','2018-09-30 20:03:37','2018-09-30 20:03:37'),(778,66,'2019-05-20','{\"30\": {\"1\": \"40\", \"2\": 50}}','2018-09-30 20:03:37','2018-09-30 20:03:37'),(779,66,'2019-05-21','{\"30\": {\"1\": \"40\", \"2\": 50}}','2018-09-30 20:03:37','2018-09-30 20:03:37'),(780,66,'2019-05-22','{\"30\": {\"1\": \"40\", \"2\": 50}}','2018-09-30 20:03:37','2018-09-30 20:03:37'),(781,66,'2019-05-23','{\"30\": {\"1\": \"40\", \"2\": 50}}','2018-09-30 20:03:37','2018-09-30 20:03:37'),(782,66,'2019-05-24','{\"30\": {\"1\": \"40\", \"2\": 50}}','2018-09-30 20:03:37','2018-09-30 20:03:37'),(783,66,'2019-05-25','{\"30\": {\"1\": \"40\", \"2\": 50}}','2018-09-30 20:03:37','2018-09-30 20:03:37'),(784,66,'2019-05-26','{\"30\": {\"1\": \"40\", \"2\": 50}}','2018-09-30 20:03:37','2018-09-30 20:03:37'),(785,66,'2019-05-27','{\"30\": {\"1\": \"40\", \"2\": 50}}','2018-09-30 20:03:37','2018-09-30 20:03:37'),(786,66,'2019-05-28','{\"30\": {\"1\": \"40\", \"2\": 50}}','2018-09-30 20:03:37','2018-09-30 20:03:37'),(787,66,'2019-05-29','{\"30\": {\"1\": \"40\", \"2\": 50}}','2018-09-30 20:03:37','2018-09-30 20:03:37'),(788,66,'2019-05-30','{\"30\": {\"1\": \"40\", \"2\": 50}}','2018-09-30 20:03:37','2018-09-30 20:03:37'),(789,66,'2019-05-31','{\"30\": {\"1\": \"40\", \"2\": 50}}','2018-09-30 20:03:37','2018-09-30 20:03:37'),(790,66,'2019-06-01','{\"30\": {\"1\": \"40\", \"2\": 50}}','2018-09-30 20:03:37','2018-09-30 20:03:37'),(791,66,'2019-06-02','{\"30\": {\"1\": \"40\", \"2\": 50}}','2018-09-30 20:03:37','2018-09-30 20:03:37'),(792,66,'2019-06-03','{\"30\": {\"1\": \"40\", \"2\": 50}}','2018-09-30 20:03:37','2018-09-30 20:03:37'),(793,66,'2019-06-04','{\"30\": {\"1\": \"40\", \"2\": 50}}','2018-09-30 20:03:37','2018-09-30 20:03:37'),(794,66,'2019-06-05','{\"30\": {\"1\": \"40\", \"2\": 50}}','2018-09-30 20:03:37','2018-09-30 20:03:37'),(795,66,'2019-06-06','{\"30\": {\"1\": \"40\", \"2\": 50}}','2018-09-30 20:03:37','2018-09-30 20:03:37'),(796,66,'2019-06-07','{\"30\": {\"1\": \"40\", \"2\": 50}}','2018-09-30 20:03:37','2018-09-30 20:03:37'),(797,66,'2019-06-08','{\"30\": {\"1\": \"40\", \"2\": 50}}','2018-09-30 20:03:37','2018-09-30 20:03:37'),(798,66,'2019-06-09','{\"30\": {\"1\": \"40\", \"2\": 50}}','2018-09-30 20:03:37','2018-09-30 20:03:37'),(799,66,'2019-06-10','{\"30\": {\"1\": \"40\", \"2\": 50}}','2018-09-30 20:03:37','2018-09-30 20:03:37'),(800,66,'2019-06-11','{\"30\": {\"1\": \"40\", \"2\": 50}}','2018-09-30 20:03:37','2018-09-30 20:03:37'),(801,66,'2019-06-12','{\"30\": {\"1\": \"40\", \"2\": 50}}','2018-09-30 20:03:37','2018-09-30 20:03:37'),(802,66,'2019-06-13','{\"30\": {\"1\": \"40\", \"2\": 50}}','2018-09-30 20:03:37','2018-09-30 20:03:37'),(803,66,'2019-06-14','{\"30\": {\"1\": \"40\", \"2\": 50}}','2018-09-30 20:03:37','2018-09-30 20:03:37'),(804,66,'2019-06-15','{\"30\": {\"1\": \"40\", \"2\": 50}}','2018-09-30 20:03:37','2018-09-30 20:03:37'),(805,66,'2019-06-16','{\"30\": {\"1\": \"40\", \"2\": 50}}','2018-09-30 20:03:37','2018-09-30 20:03:37'),(806,66,'2019-06-17','{\"30\": {\"1\": \"40\", \"2\": 50}}','2018-09-30 20:03:37','2018-09-30 20:03:37'),(807,66,'2019-06-18','{\"30\": {\"1\": \"40\", \"2\": 50}}','2018-09-30 20:03:37','2018-09-30 20:03:37'),(808,66,'2019-06-19','{\"30\": {\"1\": \"40\", \"2\": 50}}','2018-09-30 20:03:37','2018-09-30 20:03:37'),(809,66,'2019-06-20','{\"30\": {\"1\": \"40\", \"2\": 50}}','2018-09-30 20:03:37','2018-09-30 20:03:37'),(810,66,'2019-06-21','{\"30\": {\"1\": \"40\", \"2\": 50}}','2018-09-30 20:03:37','2018-09-30 20:03:37'),(811,66,'2019-06-22','{\"30\": {\"1\": \"40\", \"2\": 50}}','2018-09-30 20:03:37','2018-09-30 20:03:37'),(812,66,'2019-06-23','{\"30\": {\"1\": \"40\", \"2\": 50}}','2018-09-30 20:03:37','2018-09-30 20:03:37'),(813,66,'2019-06-24','{\"30\": {\"1\": \"40\", \"2\": 50}}','2018-09-30 20:03:37','2018-09-30 20:03:37'),(814,66,'2019-06-25','{\"30\": {\"1\": \"40\", \"2\": 50}}','2018-09-30 20:03:37','2018-09-30 20:03:37'),(815,66,'2019-06-26','{\"30\": {\"1\": \"40\", \"2\": 50}}','2018-09-30 20:03:37','2018-09-30 20:03:37'),(816,66,'2019-06-27','{\"30\": {\"1\": \"40\", \"2\": 50}}','2018-09-30 20:03:37','2018-09-30 20:03:37'),(817,66,'2019-06-28','{\"30\": {\"1\": \"40\", \"2\": 50}}','2018-09-30 20:03:37','2018-09-30 20:03:37'),(818,66,'2019-06-29','{\"30\": {\"1\": \"40\", \"2\": 50}}','2018-09-30 20:03:37','2018-09-30 20:03:37'),(819,66,'2019-06-30','{\"30\": {\"1\": \"40\", \"2\": 50}}','2018-09-30 20:03:37','2018-09-30 20:03:37'),(820,66,'2019-07-01','{\"30\": {\"1\": \"40\", \"2\": 50}}','2018-09-30 20:03:37','2018-09-30 20:03:37'),(821,66,'2019-07-02','{\"30\": {\"1\": \"40\", \"2\": 50}}','2018-09-30 20:03:37','2018-09-30 20:03:37'),(822,66,'2019-07-03','{\"30\": {\"1\": \"40\", \"2\": 50}}','2018-09-30 20:03:37','2018-09-30 20:03:37'),(823,66,'2019-07-04','{\"30\": {\"1\": \"40\", \"2\": 50}}','2018-09-30 20:03:37','2018-09-30 20:03:37'),(824,66,'2019-07-05','{\"30\": {\"1\": \"40\", \"2\": 50}}','2018-09-30 20:03:37','2018-09-30 20:03:37'),(825,66,'2019-07-06','{\"30\": {\"1\": \"40\", \"2\": 50}}','2018-09-30 20:03:37','2018-09-30 20:03:37'),(826,66,'2019-07-07','{\"30\": {\"1\": \"40\", \"2\": 50}}','2018-09-30 20:03:37','2018-09-30 20:03:37'),(827,66,'2019-07-08','{\"30\": {\"1\": \"40\", \"2\": 50}}','2018-09-30 20:03:37','2018-09-30 20:03:37'),(828,66,'2019-07-09','{\"30\": {\"1\": \"40\", \"2\": 50}}','2018-09-30 20:03:37','2018-09-30 20:03:37'),(829,66,'2019-07-10','{\"30\": {\"1\": \"40\", \"2\": 50}}','2018-09-30 20:03:37','2018-09-30 20:03:37'),(830,66,'2019-07-11','{\"30\": {\"1\": \"40\", \"2\": 50}}','2018-09-30 20:03:37','2018-09-30 20:03:37'),(831,66,'2019-07-12','{\"30\": {\"1\": \"40\", \"2\": 50}}','2018-09-30 20:03:37','2018-09-30 20:03:37'),(832,66,'2019-07-13','{\"30\": {\"1\": \"40\", \"2\": 50}}','2018-09-30 20:03:37','2018-09-30 20:03:37'),(833,66,'2019-07-14','{\"30\": {\"1\": \"40\", \"2\": 50}}','2018-09-30 20:03:37','2018-09-30 20:03:37'),(834,66,'2019-07-15','{\"30\": {\"1\": \"40\", \"2\": 50}}','2018-09-30 20:03:37','2018-09-30 20:03:37'),(835,66,'2019-07-16','{\"30\": {\"1\": \"40\", \"2\": 50}}','2018-09-30 20:03:37','2018-09-30 20:03:37'),(836,66,'2019-07-17','{\"30\": {\"1\": \"40\", \"2\": 50}}','2018-09-30 20:03:37','2018-09-30 20:03:37'),(837,66,'2019-07-18','{\"30\": {\"1\": \"40\", \"2\": 50}}','2018-09-30 20:03:37','2018-09-30 20:03:37'),(838,66,'2019-07-19','{\"30\": {\"1\": \"40\", \"2\": 50}}','2018-09-30 20:03:37','2018-09-30 20:03:37'),(839,66,'2019-07-20','{\"30\": {\"1\": \"40\", \"2\": 50}}','2018-09-30 20:03:37','2018-09-30 20:03:37'),(840,66,'2019-07-21','{\"30\": {\"1\": \"40\", \"2\": 50}}','2018-09-30 20:03:37','2018-09-30 20:03:37'),(841,66,'2019-07-22','{\"30\": {\"1\": \"40\", \"2\": 50}}','2018-09-30 20:03:37','2018-09-30 20:03:37'),(842,66,'2019-07-23','{\"30\": {\"1\": \"40\", \"2\": 50}}','2018-09-30 20:03:37','2018-09-30 20:03:37'),(843,66,'2019-07-24','{\"30\": {\"1\": \"40\", \"2\": 50}}','2018-09-30 20:03:37','2018-09-30 20:03:37'),(844,66,'2019-07-25','{\"30\": {\"1\": \"40\", \"2\": 50}}','2018-09-30 20:03:37','2018-09-30 20:03:37'),(845,66,'2019-07-26','{\"30\": {\"1\": \"40\", \"2\": 50}}','2018-09-30 20:03:37','2018-09-30 20:03:37'),(846,66,'2019-07-27','{\"30\": {\"1\": \"40\", \"2\": 50}}','2018-09-30 20:03:37','2018-09-30 20:03:37'),(847,66,'2019-07-28','{\"30\": {\"1\": \"40\", \"2\": 50}}','2018-09-30 20:03:37','2018-09-30 20:03:37'),(848,66,'2019-07-29','{\"30\": {\"1\": \"40\", \"2\": 50}}','2018-09-30 20:03:37','2018-09-30 20:03:37'),(849,66,'2019-07-30','{\"30\": {\"1\": \"40\", \"2\": 50}}','2018-09-30 20:03:37','2018-09-30 20:03:37'),(850,66,'2019-07-31','{\"30\": {\"1\": \"40\", \"2\": 50}}','2018-09-30 20:03:37','2018-09-30 20:03:37'),(851,66,'2019-08-01','{\"30\": {\"1\": \"40\", \"2\": 50}}','2018-09-30 20:03:37','2018-09-30 20:03:37'),(852,66,'2019-08-02','{\"30\": {\"1\": \"40\", \"2\": 50}}','2018-09-30 20:03:37','2018-09-30 20:03:37'),(853,66,'2019-08-03','{\"30\": {\"1\": \"40\", \"2\": 50}}','2018-09-30 20:03:37','2018-09-30 20:03:37'),(854,66,'2019-08-04','{\"30\": {\"1\": \"40\", \"2\": 50}}','2018-09-30 20:03:37','2018-09-30 20:03:37'),(855,66,'2019-08-05','{\"30\": {\"1\": \"40\", \"2\": 50}}','2018-09-30 20:03:37','2018-09-30 20:03:37'),(856,66,'2019-08-06','{\"30\": {\"1\": \"40\", \"2\": 50}}','2018-09-30 20:03:37','2018-09-30 20:03:37'),(857,66,'2019-08-07','{\"30\": {\"1\": \"40\", \"2\": 50}}','2018-09-30 20:03:37','2018-09-30 20:03:37'),(858,66,'2019-08-08','{\"30\": {\"1\": \"40\", \"2\": 50}}','2018-09-30 20:03:37','2018-09-30 20:03:37'),(859,66,'2019-08-09','{\"30\": {\"1\": \"40\", \"2\": 50}}','2018-09-30 20:03:37','2018-09-30 20:03:37'),(860,66,'2019-08-10','{\"30\": {\"1\": \"40\", \"2\": 50}}','2018-09-30 20:03:37','2018-09-30 20:03:37'),(861,66,'2019-08-11','{\"30\": {\"1\": \"40\", \"2\": 50}}','2018-09-30 20:03:37','2018-09-30 20:03:37'),(862,66,'2019-08-12','{\"30\": {\"1\": \"40\", \"2\": 50}}','2018-09-30 20:03:37','2018-09-30 20:03:37'),(863,66,'2019-08-13','{\"30\": {\"1\": \"40\", \"2\": 50}}','2018-09-30 20:03:37','2018-09-30 20:03:37'),(864,66,'2019-08-14','{\"30\": {\"1\": \"40\", \"2\": 50}}','2018-09-30 20:03:37','2018-09-30 20:03:37'),(865,66,'2019-08-15','{\"30\": {\"1\": \"40\", \"2\": 50}}','2018-09-30 20:03:37','2018-09-30 20:03:37'),(866,66,'2019-08-16','{\"30\": {\"1\": \"40\", \"2\": 50}}','2018-09-30 20:03:37','2018-09-30 20:03:37'),(867,66,'2019-08-17','{\"30\": {\"1\": \"40\", \"2\": 50}}','2018-09-30 20:03:37','2018-09-30 20:03:37'),(868,66,'2019-08-18','{\"30\": {\"1\": \"40\", \"2\": 50}}','2018-09-30 20:03:37','2018-09-30 20:03:37'),(869,66,'2019-08-19','{\"30\": {\"1\": \"40\", \"2\": 50}}','2018-09-30 20:03:37','2018-09-30 20:03:37'),(870,66,'2019-08-20','{\"30\": {\"1\": \"40\", \"2\": 50}}','2018-09-30 20:03:37','2018-09-30 20:03:37'),(871,66,'2019-08-21','{\"30\": {\"1\": \"40\", \"2\": 50}}','2018-09-30 20:03:37','2018-09-30 20:03:37'),(872,66,'2019-08-22','{\"30\": {\"1\": \"40\", \"2\": 50}}','2018-09-30 20:03:37','2018-09-30 20:03:37'),(873,66,'2019-08-23','{\"30\": {\"1\": \"40\", \"2\": 50}}','2018-09-30 20:03:37','2018-09-30 20:03:37'),(874,66,'2019-08-24','{\"30\": {\"1\": \"40\", \"2\": 50}}','2018-09-30 20:03:37','2018-09-30 20:03:37'),(875,66,'2019-08-25','{\"30\": {\"1\": \"40\", \"2\": 50}}','2018-09-30 20:03:37','2018-09-30 20:03:37'),(876,66,'2019-08-26','{\"30\": {\"1\": \"40\", \"2\": 50}}','2018-09-30 20:03:37','2018-09-30 20:03:37'),(877,66,'2019-08-27','{\"30\": {\"1\": \"40\", \"2\": 50}}','2018-09-30 20:03:37','2018-09-30 20:03:37'),(878,66,'2019-08-28','{\"30\": {\"1\": \"40\", \"2\": 50}}','2018-09-30 20:03:37','2018-09-30 20:03:37'),(879,66,'2019-08-29','{\"30\": {\"1\": \"40\", \"2\": 50}}','2018-09-30 20:03:37','2018-09-30 20:03:37'),(880,66,'2019-08-30','{\"30\": {\"1\": \"40\", \"2\": 50}}','2018-09-30 20:03:37','2018-09-30 20:03:37'),(881,66,'2019-08-31','{\"30\": {\"1\": \"40\", \"2\": 50}}','2018-09-30 20:03:37','2018-09-30 20:03:37'),(882,66,'2019-09-01','{\"30\": {\"1\": \"40\", \"2\": 50}}','2018-09-30 20:03:37','2018-09-30 20:03:37'),(883,66,'2019-09-02','{\"30\": {\"1\": \"40\", \"2\": 50}}','2018-09-30 20:03:37','2018-09-30 20:03:37'),(884,66,'2019-09-03','{\"30\": {\"1\": \"40\", \"2\": 50}}','2018-09-30 20:03:37','2018-09-30 20:03:37'),(885,66,'2019-09-04','{\"30\": {\"1\": \"40\", \"2\": 50}}','2018-09-30 20:03:37','2018-09-30 20:03:37'),(886,66,'2019-09-05','{\"30\": {\"1\": \"40\", \"2\": 50}}','2018-09-30 20:03:37','2018-09-30 20:03:37'),(887,66,'2019-09-06','{\"30\": {\"1\": \"40\", \"2\": 50}}','2018-09-30 20:03:37','2018-09-30 20:03:37'),(888,66,'2019-09-07','{\"30\": {\"1\": \"40\", \"2\": 50}}','2018-09-30 20:03:37','2018-09-30 20:03:37'),(889,66,'2019-09-08','{\"30\": {\"1\": \"40\", \"2\": 50}}','2018-09-30 20:03:37','2018-09-30 20:03:37'),(890,66,'2019-09-09','{\"30\": {\"1\": \"40\", \"2\": 50}}','2018-09-30 20:03:37','2018-09-30 20:03:37'),(891,66,'2019-09-10','{\"30\": {\"1\": \"40\", \"2\": 50}}','2018-09-30 20:03:37','2018-09-30 20:03:37'),(892,66,'2019-09-11','{\"30\": {\"1\": \"40\", \"2\": 50}}','2018-09-30 20:03:37','2018-09-30 20:03:37'),(893,66,'2019-09-12','{\"30\": {\"1\": \"40\", \"2\": 50}}','2018-09-30 20:03:37','2018-09-30 20:03:37'),(894,66,'2019-09-13','{\"30\": {\"1\": \"40\", \"2\": 50}}','2018-09-30 20:03:37','2018-09-30 20:03:37'),(895,66,'2019-09-14','{\"30\": {\"1\": \"40\", \"2\": 50}}','2018-09-30 20:03:38','2018-09-30 20:03:38'),(896,66,'2019-09-15','{\"30\": {\"1\": \"40\", \"2\": 50}}','2018-09-30 20:03:38','2018-09-30 20:03:38'),(897,66,'2019-09-16','{\"30\": {\"1\": \"40\", \"2\": 50}}','2018-09-30 20:03:38','2018-09-30 20:03:38'),(898,66,'2019-09-17','{\"30\": {\"1\": \"40\", \"2\": 50}}','2018-09-30 20:03:38','2018-09-30 20:03:38'),(899,66,'2019-09-18','{\"30\": {\"1\": \"40\", \"2\": 50}}','2018-09-30 20:03:38','2018-09-30 20:03:38'),(900,66,'2019-09-19','{\"30\": {\"1\": \"40\", \"2\": 50}}','2018-09-30 20:03:38','2018-09-30 20:03:38'),(901,66,'2019-09-20','{\"30\": {\"1\": \"40\", \"2\": 50}}','2018-09-30 20:03:38','2018-09-30 20:03:38'),(902,66,'2019-09-21','{\"30\": {\"1\": \"40\", \"2\": 50}}','2018-09-30 20:03:38','2018-09-30 20:03:38'),(903,66,'2019-09-22','{\"30\": {\"1\": \"40\", \"2\": 50}}','2018-09-30 20:03:38','2018-09-30 20:03:38'),(904,66,'2019-09-23','{\"30\": {\"1\": \"40\", \"2\": 50}}','2018-09-30 20:03:38','2018-09-30 20:03:38'),(905,66,'2019-09-24','{\"30\": {\"1\": \"40\", \"2\": 50}}','2018-09-30 20:03:38','2018-09-30 20:03:38'),(906,66,'2019-09-25','{\"30\": {\"1\": \"40\", \"2\": 50}}','2018-09-30 20:03:38','2018-09-30 20:03:38'),(907,66,'2019-09-26','{\"30\": {\"1\": \"40\", \"2\": 50}}','2018-09-30 20:03:38','2018-09-30 20:03:38'),(908,66,'2019-09-27','{\"30\": {\"1\": \"40\", \"2\": 50}}','2018-09-30 20:03:38','2018-09-30 20:03:38'),(909,66,'2019-09-28','{\"30\": {\"1\": \"40\", \"2\": 50}}','2018-09-30 20:03:38','2018-09-30 20:03:38'),(910,66,'2019-09-29','{\"30\": {\"1\": \"40\", \"2\": 50}}','2018-09-30 20:03:38','2018-09-30 20:03:38'),(911,66,'2019-09-30','{\"30\": {\"1\": \"40\", \"2\": 50}}','2018-09-30 20:03:38','2018-09-30 20:03:38'),(912,66,'2019-10-01','{\"30\": {\"1\": \"40\", \"2\": 50}}','2018-09-30 20:03:38','2018-09-30 20:03:38'),(913,66,'2019-10-02','{\"30\": {\"1\": \"40\", \"2\": 50}}','2018-09-30 20:03:38','2018-09-30 20:03:38'),(914,66,'2019-10-03','{\"30\": {\"1\": \"40\", \"2\": 50}}','2018-09-30 20:03:38','2018-09-30 20:03:38'),(915,66,'2019-10-04','{\"30\": {\"1\": \"40\", \"2\": 50}}','2018-09-30 20:03:38','2018-09-30 20:03:38'),(916,66,'2019-10-05','{\"30\": {\"1\": \"40\", \"2\": 50}}','2018-09-30 20:03:38','2018-09-30 20:03:38'),(917,66,'2019-10-06','{\"30\": {\"1\": \"40\", \"2\": 50}}','2018-09-30 20:03:38','2018-09-30 20:03:38'),(918,66,'2019-10-07','{\"30\": {\"1\": \"40\", \"2\": 50}}','2018-09-30 20:03:38','2018-09-30 20:03:38'),(919,66,'2019-10-08','{\"30\": {\"1\": \"40\", \"2\": 50}}','2018-09-30 20:03:38','2018-09-30 20:03:38'),(920,66,'2019-10-09','{\"30\": {\"1\": \"40\", \"2\": 50}}','2018-09-30 20:03:38','2018-09-30 20:03:38'),(921,66,'2019-10-10','{\"30\": {\"1\": \"40\", \"2\": 50}}','2018-09-30 20:03:38','2018-09-30 20:03:38'),(922,66,'2019-10-11','{\"30\": {\"1\": \"40\", \"2\": 50}}','2018-09-30 20:03:38','2018-09-30 20:03:38'),(923,66,'2019-10-12','{\"30\": {\"1\": \"40\", \"2\": 50}}','2018-09-30 20:03:38','2018-09-30 20:03:38'),(924,66,'2019-10-13','{\"30\": {\"1\": \"40\", \"2\": 50}}','2018-09-30 20:03:38','2018-09-30 20:03:38'),(925,66,'2019-10-14','{\"30\": {\"1\": \"40\", \"2\": 50}}','2018-09-30 20:03:38','2018-09-30 20:03:38'),(926,66,'2019-10-15','{\"30\": {\"1\": \"40\", \"2\": 50}}','2018-09-30 20:03:38','2018-09-30 20:03:38'),(927,66,'2019-10-16','{\"30\": {\"1\": \"40\", \"2\": 50}}','2018-09-30 20:03:38','2018-09-30 20:03:38'),(928,66,'2019-10-17','{\"30\": {\"1\": \"40\", \"2\": 50}}','2018-09-30 20:03:38','2018-09-30 20:03:38'),(929,66,'2019-10-18','{\"30\": {\"1\": \"40\", \"2\": 50}}','2018-09-30 20:03:38','2018-09-30 20:03:38'),(930,66,'2019-10-19','{\"30\": {\"1\": \"40\", \"2\": 50}}','2018-09-30 20:03:38','2018-09-30 20:03:38'),(931,66,'2019-10-20','{\"30\": {\"1\": \"40\", \"2\": 50}}','2018-09-30 20:03:38','2018-09-30 20:03:38'),(932,66,'2019-10-21','{\"30\": {\"1\": \"40\", \"2\": 50}}','2018-09-30 20:03:38','2018-09-30 20:03:38'),(933,66,'2019-10-22','{\"30\": {\"1\": \"40\", \"2\": 50}}','2018-09-30 20:03:38','2018-09-30 20:03:38'),(934,66,'2019-10-23','{\"30\": {\"1\": \"40\", \"2\": 50}}','2018-09-30 20:03:38','2018-09-30 20:03:38'),(935,66,'2019-10-24','{\"30\": {\"1\": \"40\", \"2\": 50}}','2018-09-30 20:03:38','2018-09-30 20:03:38'),(936,66,'2019-10-25','{\"30\": {\"1\": \"40\", \"2\": 50}}','2018-09-30 20:03:38','2018-09-30 20:03:38'),(937,66,'2019-10-26','{\"30\": {\"1\": \"40\", \"2\": 50}}','2018-09-30 20:03:38','2018-09-30 20:03:38'),(938,66,'2019-10-27','{\"30\": {\"1\": \"40\", \"2\": 50}}','2018-09-30 20:03:38','2018-09-30 20:03:38'),(939,66,'2019-10-28','{\"30\": {\"1\": \"40\", \"2\": 50}}','2018-09-30 20:03:38','2018-09-30 20:03:38'),(940,66,'2019-10-29','{\"30\": {\"1\": \"40\", \"2\": 50}}','2018-09-30 20:03:38','2018-09-30 20:03:38'),(941,66,'2019-10-30','{\"30\": {\"1\": \"40\", \"2\": 50}}','2018-09-30 20:03:38','2018-09-30 20:03:38'),(942,66,'2019-10-31','{\"30\": {\"1\": \"40\", \"2\": 50}}','2018-09-30 20:03:38','2018-09-30 20:03:38');

/*Table structure for table `hotel_contracts` */

DROP TABLE IF EXISTS `hotel_contracts`;

CREATE TABLE `hotel_contracts` (
  `id` int(10) unsigned NOT NULL AUTO_INCREMENT,
  `name` varchar(191) COLLATE utf8mb4_unicode_ci NOT NULL,
  `hotel_id` int(10) unsigned NOT NULL,
  `valid_from` date NOT NULL,
  `valid_to` date NOT NULL,
  `active` tinyint(1) NOT NULL DEFAULT '0',
  `created_at` timestamp NULL DEFAULT NULL,
  `updated_at` timestamp NULL DEFAULT NULL,
  `status` int(11) DEFAULT NULL,
  PRIMARY KEY (`id`),
  KEY `hotel_contracts_hotel_id_foreign` (`hotel_id`),
  CONSTRAINT `hotel_contracts_hotel_id_foreign` FOREIGN KEY (`hotel_id`) REFERENCES `hotels` (`id`)
) ENGINE=InnoDB AUTO_INCREMENT=77 DEFAULT CHARSET=utf8mb4 COLLATE=utf8mb4_unicode_ci;

/*Data for the table `hotel_contracts` */

insert  into `hotel_contracts`(`id`,`name`,`hotel_id`,`valid_from`,`valid_to`,`active`,`created_at`,`updated_at`,`status`) values (60,'Melia Varadero 2017',1,'2017-11-01','2018-10-31',1,'2018-08-03 01:36:54','2018-08-25 02:29:48',NULL),(61,'Kawama 2017',64,'2016-11-01','2017-10-31',0,'2018-08-03 01:39:41','2018-08-25 02:29:05',NULL),(62,'Melia Santiago 2017',8,'2016-11-01','2017-10-31',0,'2018-08-03 01:41:06','2018-08-25 02:29:31',NULL),(63,'Iberostar Riviera 2017',6,'2016-11-01','2017-10-31',1,'2018-08-03 01:42:18','2018-08-25 02:27:02',NULL),(64,'IberostarTrinidad 2019',4,'2018-11-01','2019-10-31',1,'2018-08-03 01:44:16','2018-08-25 02:28:57',NULL),(65,'Kawama 2019',64,'2018-11-01','2019-10-31',1,'2018-08-03 01:46:13','2018-08-25 02:29:22',NULL),(66,'Iberostar Riviera 2018',6,'2017-11-01','2018-10-31',1,'2018-08-03 01:47:25','2018-08-25 02:27:12',NULL),(67,'Kawama 2018',64,'2017-11-01','2018-10-31',1,'2018-08-03 01:48:30','2018-08-25 02:29:13',NULL),(68,'Palacio Azul 2017',5,'2017-11-01','2018-10-31',1,'2018-08-03 01:53:37','2018-08-26 18:32:44',NULL),(69,'Mercure Sevilla 2019',9,'2018-11-01','2019-10-31',1,'2018-08-03 01:54:42','2018-08-26 18:32:30',NULL),(70,'Iberostar Playa Alameda 2018',7,'2017-11-01','2018-10-31',1,'2018-08-03 01:59:27','2018-08-25 16:22:05',NULL),(71,'Meli Santiago 2018',8,'2017-11-01','2018-10-31',1,'2018-08-03 02:00:34','2018-08-25 02:29:39',NULL),(72,'Mercure Sevilla 2018',9,'2017-11-01','2018-10-31',1,'2018-08-03 02:02:04','2018-08-26 18:32:20',NULL),(76,'Abac 2018 - 2019',49,'2018-11-01','2019-10-31',1,'2018-09-30 19:56:33','2018-09-30 19:56:33',NULL);

/*Table structure for table `hotel_hotels_chain` */

DROP TABLE IF EXISTS `hotel_hotels_chain`;

CREATE TABLE `hotel_hotels_chain` (
  `id` int(10) unsigned NOT NULL AUTO_INCREMENT,
  `name` varchar(191) COLLATE utf8mb4_unicode_ci NOT NULL,
  `description` varchar(191) COLLATE utf8mb4_unicode_ci DEFAULT NULL,
  `active` tinyint(1) NOT NULL DEFAULT '0',
  `created_at` timestamp NULL DEFAULT NULL,
  `updated_at` timestamp NULL DEFAULT NULL,
  PRIMARY KEY (`id`)
) ENGINE=InnoDB AUTO_INCREMENT=31 DEFAULT CHARSET=utf8mb4 COLLATE=utf8mb4_unicode_ci;

/*Data for the table `hotel_hotels_chain` */

insert  into `hotel_hotels_chain`(`id`,`name`,`description`,`active`,`created_at`,`updated_at`) values (2,'Sol Meli',NULL,1,'2018-06-26 03:58:10','2018-06-26 03:58:10'),(3,'Habaguanex',NULL,0,'2018-06-26 03:58:22','2018-06-26 05:16:54'),(4,'Gran Caribe',NULL,1,'2018-06-26 03:58:33','2018-06-26 03:58:33'),(5,'Occidental Hotels & Resorts',NULL,1,'2018-06-26 03:59:14','2018-06-26 04:00:36'),(6,'BLAU Hotels & Resorts',NULL,1,'2018-06-26 04:00:22','2018-06-26 05:19:15'),(7,'Iberoestar Hotels & Resorts',NULL,1,'2018-06-26 04:01:13','2018-06-26 04:01:13'),(8,'Barcel Hotels & Resorts',NULL,1,'2018-06-26 04:01:31','2018-06-26 19:51:20'),(9,'Hoteles NH',NULL,0,'2018-06-26 04:01:43','2018-06-26 05:17:04'),(10,'Osis',NULL,1,'2018-06-26 04:01:53','2018-06-26 04:01:53'),(11,'Hotetur',NULL,0,'2018-06-26 04:02:02','2018-06-26 05:17:09'),(12,'Sandals',NULL,1,'2018-06-26 04:02:10','2018-06-26 04:02:10'),(13,'Memories Resorts & SPA',NULL,1,'2018-06-26 04:02:49','2018-06-26 05:19:02'),(14,'Cubanacan',NULL,1,'2018-06-26 04:02:56','2018-06-26 04:02:56'),(15,'Hoteles C',NULL,0,'2018-06-26 04:03:08','2018-06-26 05:16:58'),(16,'H10 Hotels',NULL,1,'2018-06-26 04:03:24','2018-06-26 04:03:24'),(17,'ROC Hotels',NULL,0,'2018-06-26 04:03:34','2018-06-26 05:17:45'),(18,'Be Live Hotels',NULL,0,'2018-06-26 04:04:04','2018-06-26 05:16:41'),(19,'Gaviota',NULL,1,'2018-06-26 04:04:12','2018-06-26 04:04:12'),(20,'Valentin Hotels',NULL,0,'2018-06-26 04:04:20','2018-06-26 05:17:53'),(21,'Islazul',NULL,1,'2018-06-26 04:04:28','2018-06-26 04:04:28'),(22,'Accor',NULL,0,'2018-06-26 04:04:40','2018-06-26 05:16:09'),(23,'Superclubs',NULL,0,'2018-06-26 04:04:50','2018-06-26 05:18:01'),(24,'Golden Tulip Hotels',NULL,0,'2018-06-26 04:05:41','2018-06-26 04:05:41'),(25,'Pestana Hoteles y Resorts',NULL,0,'2018-06-26 04:06:24','2018-06-26 04:06:24'),(26,'RIU Hoteles & Resorts',NULL,0,'2018-06-26 04:06:45','2018-06-26 05:27:34'),(27,'Kempinski Hotels S.A.',NULL,0,'2018-06-26 04:06:58','2018-06-26 04:06:58'),(28,'Starwood Hotels & Resorts',NULL,0,'2018-06-26 04:07:15','2018-06-26 04:07:15'),(29,'Hotusa',NULL,0,'2018-06-26 04:07:42','2018-06-26 04:07:42'),(30,'Eurostars Hoteles',NULL,0,'2018-06-26 04:08:01','2018-06-26 04:08:01');

/*Table structure for table `hotel_images` */

DROP TABLE IF EXISTS `hotel_images`;

CREATE TABLE `hotel_images` (
  `id` int(10) unsigned NOT NULL AUTO_INCREMENT,
  `hotel_id` int(10) unsigned NOT NULL,
  `image` varchar(191) COLLATE utf8mb4_unicode_ci NOT NULL,
  `name` varchar(191) COLLATE utf8mb4_unicode_ci NOT NULL,
  `created_at` timestamp NULL DEFAULT NULL,
  `updated_at` timestamp NULL DEFAULT NULL,
  `size` int(11) NOT NULL,
  `mime` varchar(191) COLLATE utf8mb4_unicode_ci NOT NULL,
  PRIMARY KEY (`id`),
  KEY `hotel_images_hotel_id_foreign` (`hotel_id`),
  CONSTRAINT `hotel_images_hotel_id_foreign` FOREIGN KEY (`hotel_id`) REFERENCES `hotels` (`id`) ON DELETE CASCADE
) ENGINE=InnoDB AUTO_INCREMENT=299 DEFAULT CHARSET=utf8mb4 COLLATE=utf8mb4_unicode_ci;

/*Data for the table `hotel_images` */

insert  into `hotel_images`(`id`,`hotel_id`,`image`,`name`,`created_at`,`updated_at`,`size`,`mime`) values (281,49,'5b85cd844c969.jpg','2.jpg','2018-08-28 22:32:36','2018-08-28 22:32:36',125175,'image/jpeg'),(282,49,'5b85cd844b5f1.jpg','3.jpg','2018-08-28 22:32:36','2018-08-28 22:32:36',87081,'image/jpeg'),(283,64,'5b85cd9124e69.jpg','4.jpg','2018-08-28 22:32:49','2018-08-28 22:32:49',82416,'image/jpeg'),(284,64,'5b85cd9125069.jpg','5.jpg','2018-08-28 22:32:49','2018-08-28 22:32:49',172653,'image/jpeg'),(285,6,'5b85cd9f29f64.jpg','8.jpg','2018-08-28 22:33:03','2018-08-28 22:33:03',107718,'image/jpeg'),(286,6,'5b85cd9f2a0c1.jpg','7.jpg','2018-08-28 22:33:03','2018-08-28 22:33:03',238431,'image/jpeg'),(287,4,'5b85cdac0068a.jpg','3.jpg','2018-08-28 22:33:16','2018-08-28 22:33:16',87081,'image/jpeg'),(288,4,'5b85cdabf2fca.jpg','9.jpg','2018-08-28 22:33:16','2018-08-28 22:33:16',527546,'image/jpeg'),(289,7,'5b85cdbb86df6.jpg','4.jpg','2018-08-28 22:33:31','2018-08-28 22:33:31',82416,'image/jpeg'),(290,7,'5b85cdbb88dc6.jpg','2.jpg','2018-08-28 22:33:31','2018-08-28 22:33:31',125175,'image/jpeg'),(291,8,'5b85cdc5ef531.jpg','8.jpg','2018-08-28 22:33:42','2018-08-28 22:33:42',107718,'image/jpeg'),(292,8,'5b85cdc5f2d8b.jpg','5.jpg','2018-08-28 22:33:42','2018-08-28 22:33:42',172653,'image/jpeg'),(293,1,'5b85cdcf07a84.jpg','7.jpg','2018-08-28 22:33:51','2018-08-28 22:33:51',238431,'image/jpeg'),(294,1,'5b85cdcf054dc.jpg','9.jpg','2018-08-28 22:33:51','2018-08-28 22:33:51',527546,'image/jpeg'),(295,9,'5b85cdfb387fd.jpg','5.jpg','2018-08-28 22:34:35','2018-08-28 22:34:35',172653,'image/jpeg'),(296,9,'5b85cdfb43198.jpg','8.jpg','2018-08-28 22:34:35','2018-08-28 22:34:35',107718,'image/jpeg'),(297,5,'5b85ce0762d98.jpg','4.jpg','2018-08-28 22:34:47','2018-08-28 22:34:47',82416,'image/jpeg'),(298,5,'5b85ce077091a.jpg','9.jpg','2018-08-28 22:34:47','2018-08-28 22:34:47',527546,'image/jpeg');

/*Table structure for table `hotel_measures` */

DROP TABLE IF EXISTS `hotel_measures`;

CREATE TABLE `hotel_measures` (
  `id` int(10) unsigned NOT NULL AUTO_INCREMENT,
  `name` varchar(191) COLLATE utf8mb4_unicode_ci NOT NULL,
  `active` tinyint(1) NOT NULL DEFAULT '1',
  `created_at` timestamp NULL DEFAULT NULL,
  `updated_at` timestamp NULL DEFAULT NULL,
  `code` varchar(191) COLLATE utf8mb4_unicode_ci NOT NULL,
  PRIMARY KEY (`id`)
) ENGINE=InnoDB AUTO_INCREMENT=8 DEFAULT CHARSET=utf8mb4 COLLATE=utf8mb4_unicode_ci;

/*Data for the table `hotel_measures` */

insert  into `hotel_measures`(`id`,`name`,`active`,`created_at`,`updated_at`,`code`) values (1,'Cost',1,NULL,NULL,'cost'),(2,'Price',1,NULL,NULL,'price'),(3,'Allotment',1,NULL,NULL,'allotment'),(4,'Stop Sale',1,NULL,NULL,'stop_sale'),(5,'Offer',1,NULL,NULL,'offer'),(6,'Release',1,NULL,NULL,'release'),(7,'Supplement',1,NULL,NULL,'supplement');

/*Table structure for table `hotel_pax_types` */

DROP TABLE IF EXISTS `hotel_pax_types`;

CREATE TABLE `hotel_pax_types` (
  `id` int(10) unsigned NOT NULL AUTO_INCREMENT,
  `name` varchar(191) COLLATE utf8mb4_unicode_ci NOT NULL,
  `description` varchar(191) COLLATE utf8mb4_unicode_ci DEFAULT NULL,
  `code` varchar(191) COLLATE utf8mb4_unicode_ci NOT NULL,
  `agefrom` double NOT NULL DEFAULT '0',
  `ageto` double NOT NULL DEFAULT '0',
  `active` tinyint(1) NOT NULL DEFAULT '0',
  `created_at` timestamp NULL DEFAULT NULL,
  `updated_at` timestamp NULL DEFAULT NULL,
  PRIMARY KEY (`id`)
) ENGINE=InnoDB AUTO_INCREMENT=24 DEFAULT CHARSET=utf8mb4 COLLATE=utf8mb4_unicode_ci;

/*Data for the table `hotel_pax_types` */

insert  into `hotel_pax_types`(`id`,`name`,`description`,`code`,`agefrom`,`ageto`,`active`,`created_at`,`updated_at`) values (20,'Children',NULL,'CH',2,11.99,1,'2018-07-17 22:57:01','2018-07-17 22:57:01'),(21,'Adult',NULL,'AD',12,99,1,'2018-07-17 22:57:16','2018-07-17 22:57:16'),(23,'Infant',NULL,'BB',0,1.99,1,'2018-08-03 01:16:39','2018-08-03 01:16:39');

/*Table structure for table `hotel_room_types` */

DROP TABLE IF EXISTS `hotel_room_types`;

CREATE TABLE `hotel_room_types` (
  `id` int(10) unsigned NOT NULL AUTO_INCREMENT,
  `name` varchar(191) COLLATE utf8mb4_unicode_ci NOT NULL,
  `description` varchar(191) COLLATE utf8mb4_unicode_ci DEFAULT NULL,
  `code` varchar(191) COLLATE utf8mb4_unicode_ci NOT NULL,
  `maxpax` int(11) NOT NULL DEFAULT '0',
  `minpax` int(11) NOT NULL DEFAULT '0',
  `minadult` int(11) NOT NULL DEFAULT '0',
  `minchildren` int(11) NOT NULL DEFAULT '0',
  `maxinfant` int(11) NOT NULL DEFAULT '0',
  `active` tinyint(1) NOT NULL DEFAULT '0',
  `created_at` timestamp NULL DEFAULT NULL,
  `updated_at` timestamp NULL DEFAULT NULL,
  PRIMARY KEY (`id`)
) ENGINE=InnoDB AUTO_INCREMENT=31 DEFAULT CHARSET=utf8mb4 COLLATE=utf8mb4_unicode_ci;

/*Data for the table `hotel_room_types` */

insert  into `hotel_room_types`(`id`,`name`,`description`,`code`,`maxpax`,`minpax`,`minadult`,`minchildren`,`maxinfant`,`active`,`created_at`,`updated_at`) values (2,'Bungalow Superior 2 PAX',NULL,'XH2',2,1,1,1,1,0,'2018-06-18 00:37:26','2018-07-29 06:38:04'),(4,'Bungalow Superior 2AD+ 1CHD',NULL,'G7Y',3,3,2,2,1,1,'2018-06-18 00:50:27','2018-06-18 02:49:50'),(20,'Triple',NULL,'TBL',3,3,3,0,1,1,'2018-07-15 16:23:54','2018-07-22 14:08:20'),(22,'Double',NULL,'DBL',2,2,2,0,1,1,'2018-07-17 22:58:52','2018-07-22 14:25:10'),(23,'Bungalow Superior 3AD',NULL,'DRL',3,3,3,0,1,1,'2018-07-17 23:00:12','2018-07-17 23:00:12'),(27,'Double/Twin',NULL,'RX8',2,2,2,0,1,1,'2018-07-22 14:24:44','2018-07-22 14:24:44'),(28,'Double Basic (2AD+1CH)',NULL,'PG3',2,2,2,0,1,1,'2018-07-22 14:28:57','2018-07-22 14:29:03'),(29,'Bungalow Superior Single',NULL,'MZU',1,1,1,0,1,1,'2018-08-03 01:14:44','2018-08-03 01:14:44'),(30,'Single',NULL,'SGL',1,1,1,0,1,1,'2018-08-03 01:15:34','2018-08-03 01:15:34');

/*Table structure for table `hotels` */

DROP TABLE IF EXISTS `hotels`;

CREATE TABLE `hotels` (
  `id` int(10) unsigned NOT NULL AUTO_INCREMENT,
  `name` varchar(191) COLLATE utf8mb4_unicode_ci NOT NULL,
  `description` varchar(191) COLLATE utf8mb4_unicode_ci DEFAULT NULL,
  `active` tinyint(1) NOT NULL DEFAULT '0',
  `country_id` int(10) unsigned DEFAULT '0',
  `state_id` int(10) unsigned DEFAULT '0',
  `city_id` int(10) unsigned DEFAULT '0',
  `postal_code` varchar(191) COLLATE utf8mb4_unicode_ci DEFAULT NULL,
  `address` text COLLATE utf8mb4_unicode_ci,
  `category` varchar(191) COLLATE utf8mb4_unicode_ci DEFAULT NULL,
  `hotel_chain_id` int(10) unsigned DEFAULT NULL,
  `admin_phone` varchar(191) COLLATE utf8mb4_unicode_ci DEFAULT NULL,
  `admin_fax` varchar(191) COLLATE utf8mb4_unicode_ci DEFAULT NULL,
  `web_site` varchar(191) COLLATE utf8mb4_unicode_ci DEFAULT NULL,
  `turistic_licence` varchar(191) COLLATE utf8mb4_unicode_ci DEFAULT NULL,
  `created_at` timestamp NULL DEFAULT NULL,
  `updated_at` timestamp NULL DEFAULT NULL,
  `email` varchar(191) COLLATE utf8mb4_unicode_ci DEFAULT NULL,
  PRIMARY KEY (`id`),
  KEY `hotels_hotel_chain_id_foreign` (`hotel_chain_id`),
  KEY `hotels_country_id_foreign` (`country_id`),
  KEY `hotels_state_id_foreign` (`state_id`),
  KEY `hotels_city_id_foreign` (`city_id`),
  CONSTRAINT `hotels_city_id_foreign` FOREIGN KEY (`city_id`) REFERENCES `locations` (`id`),
  CONSTRAINT `hotels_country_id_foreign` FOREIGN KEY (`country_id`) REFERENCES `locations` (`id`),
  CONSTRAINT `hotels_hotel_chain_id_foreign` FOREIGN KEY (`hotel_chain_id`) REFERENCES `hotel_hotels_chain` (`id`),
  CONSTRAINT `hotels_state_id_foreign` FOREIGN KEY (`state_id`) REFERENCES `locations` (`id`)
) ENGINE=InnoDB AUTO_INCREMENT=65 DEFAULT CHARSET=utf8mb4 COLLATE=utf8mb4_unicode_ci;

/*Data for the table `hotels` */

insert  into `hotels`(`id`,`name`,`description`,`active`,`country_id`,`state_id`,`city_id`,`postal_code`,`address`,`category`,`hotel_chain_id`,`admin_phone`,`admin_fax`,`web_site`,`turistic_licence`,`created_at`,`updated_at`,`email`) values (1,'Hotel Meli Varadero',NULL,1,74,159,363,'50000','Ave 158 e/ 250 and 252','5',2,'53520831','53928992','http://melia.com','1234567890','2018-06-27 01:55:18','2018-07-31 02:21:52','melia@gmail.com'),(4,'Hotel Iberostar Grand Hotel Trinidad',NULL,1,74,196,202,'20400','Fourth Ave 238','5',7,'5353520831','5353928992','http://trinidad.com','1234567890','2018-06-27 04:43:10','2018-07-31 02:20:42','trinidad@gmail.com'),(5,'Hotel Palacio Azul',NULL,1,74,187,194,'60500','Autopista Pinar del Rio km 2 1/2','4',19,'123456789','123456789','http://viales.com','1234567890','2018-06-27 04:43:57','2018-07-31 02:23:20','viales@gmail.com'),(6,'Hotel Habana Riviera by Iberostar',NULL,1,74,143,145,'20200','First Avenue','5',7,'53928992','53520831','http://iberoestar.com','123456789','2018-06-27 04:44:21','2018-07-23 16:18:26','iberostar@gmail.com'),(7,'Hotel Iberostar Playa Alameda',NULL,1,74,159,363,'50000','Second Ave 899','5',7,'5353520831','5353928992','http://alameda.com','1234567890','2018-06-27 04:44:56','2018-07-31 02:21:25','alameda@gmail.com'),(8,'Hotel Meli Santiago',NULL,1,74,268,274,'10500','Ave 958 e/ 250 and 33','5',2,'5353520831','5353928992','http://meliasantiago.com','1234567890','2018-06-27 04:46:08','2018-07-31 02:21:41','meliasantiago@gmail.com'),(9,'Hotel Mercure Sevilla',NULL,1,74,143,146,'30000','Ave 258 e/ 250 and 22','4',4,'53520831','53928992','http://sevilla.com','1234567890','2018-06-27 04:46:40','2018-07-31 02:22:44','sevilla@gmail.com'),(49,'Hotel Abac',NULL,1,74,216,224,'10400','First Ave 238','5',13,'5353520831','5353928992','http://hotelabac.com','1234567890','2018-07-18 16:55:30','2018-07-31 02:20:02','hotelabac@gmail.com'),(64,'Hotel Club Kawama',NULL,1,74,159,363,'20400','Ave 3 #238','3',14,'123456789','123456789','http://clubkawama.com','123456789','2018-07-23 04:21:15','2018-07-31 02:20:16','kawama@gmail.com');

/*Table structure for table `locations` */

DROP TABLE IF EXISTS `locations`;

CREATE TABLE `locations` (
  `id` int(10) unsigned NOT NULL AUTO_INCREMENT,
  `name` varchar(191) COLLATE utf8mb4_unicode_ci NOT NULL,
  `code` varchar(191) COLLATE utf8mb4_unicode_ci DEFAULT NULL,
  `active` tinyint(1) NOT NULL DEFAULT '0',
  `created_at` timestamp NULL DEFAULT NULL,
  `updated_at` timestamp NULL DEFAULT NULL,
  `_lft` int(10) unsigned NOT NULL DEFAULT '0',
  `_rgt` int(10) unsigned NOT NULL DEFAULT '0',
  `parent_id` int(10) unsigned DEFAULT NULL,
  `icon` varchar(191) COLLATE utf8mb4_unicode_ci NOT NULL,
  PRIMARY KEY (`id`),
  KEY `locations__lft__rgt_parent_id_index` (`_lft`,`_rgt`,`parent_id`),
  KEY `locations_parent_id_foreign` (`parent_id`),
  CONSTRAINT `locations_parent_id_foreign` FOREIGN KEY (`parent_id`) REFERENCES `locations` (`id`)
) ENGINE=InnoDB AUTO_INCREMENT=365 DEFAULT CHARSET=utf8mb4 COLLATE=utf8mb4_unicode_ci;

/*Data for the table `locations` */

insert  into `locations`(`id`,`name`,`code`,`active`,`created_at`,`updated_at`,`_lft`,`_rgt`,`parent_id`,`icon`) values (74,'Cuba','CUB',1,'2018-06-22 05:25:28','2018-06-25 18:30:19',1,370,NULL,'glyphicon glyphicon-globe'),(107,'Pinar del Ro',NULL,1,'2018-06-22 07:18:23','2018-06-22 07:18:23',2,25,74,'glyphicon glyphicon-globe'),(108,'Sandino','01',1,'2018-06-22 07:18:46','2018-06-22 07:18:46',3,4,107,'glyphicon glyphicon-globe'),(109,'Mantua','02',1,'2018-06-22 07:18:58','2018-06-25 03:17:03',5,6,107,'glyphicon glyphicon-globe'),(110,'Minas de Matahambre','03',1,'2018-06-22 07:19:08','2018-06-22 07:19:08',7,8,107,'glyphicon glyphicon-globe'),(111,'Viales','04',1,'2018-06-22 07:19:17','2018-06-22 07:19:17',9,10,107,'glyphicon glyphicon-globe'),(112,'La Palma','05',1,'2018-06-22 07:19:27','2018-06-22 07:19:27',11,12,107,'glyphicon glyphicon-globe'),(113,'Los Palacios','09',1,'2018-06-22 07:19:43','2018-06-22 07:19:43',13,14,107,'glyphicon glyphicon-globe'),(114,'Consolacin del Sur','10',1,'2018-06-22 07:19:53','2018-06-22 07:19:53',15,16,107,'glyphicon glyphicon-globe'),(115,'Pinar del Ro','11',1,'2018-06-22 07:20:03','2018-06-22 07:20:03',17,18,107,'glyphicon glyphicon-globe'),(116,'San Luis','12',1,'2018-06-22 07:20:15','2018-06-22 07:20:15',19,20,107,'glyphicon glyphicon-globe'),(117,'San Juan y Martnez','13',1,'2018-06-22 07:20:25','2018-06-22 07:20:25',21,22,107,'glyphicon glyphicon-globe'),(118,'Guane','14',1,'2018-06-22 07:20:34','2018-06-22 07:20:34',23,24,107,'glyphicon glyphicon-globe'),(119,'Artemisa',NULL,1,'2018-06-22 07:21:17','2018-06-22 07:21:17',26,49,74,'glyphicon glyphicon-globe'),(120,'Baha Honda','01',1,'2018-06-22 07:21:37','2018-06-22 07:21:37',27,28,119,'glyphicon glyphicon-globe'),(121,'Mariel','02',1,'2018-06-22 07:21:48','2018-06-22 07:21:48',29,30,119,'glyphicon glyphicon-globe'),(122,'Guanajay','03',1,'2018-06-22 07:21:58','2018-06-22 07:21:58',31,32,119,'glyphicon glyphicon-globe'),(123,'Caimito','04',1,'2018-06-22 07:22:06','2018-06-22 07:22:06',33,34,119,'glyphicon glyphicon-globe'),(124,'Bauta','05',1,'2018-06-22 07:22:15','2018-06-22 07:22:15',35,36,119,'glyphicon glyphicon-globe'),(125,'San Antonio','06',1,'2018-06-22 07:22:25','2018-06-22 07:22:25',37,38,119,'glyphicon glyphicon-globe'),(126,'Gira de Melena','07',1,'2018-06-22 07:22:35','2018-06-22 07:22:35',39,40,119,'glyphicon glyphicon-globe'),(127,'Alquzar','08',1,'2018-06-22 07:22:44','2018-06-22 07:22:44',41,42,119,'glyphicon glyphicon-globe'),(128,'Artemisa','09',1,'2018-06-22 07:22:54','2018-06-22 07:22:54',43,44,119,'glyphicon glyphicon-globe'),(129,'Candelaria','10',1,'2018-06-22 07:23:03','2018-06-22 07:23:03',45,46,119,'glyphicon glyphicon-globe'),(130,'San Cristbal','11',1,'2018-06-22 07:23:14','2018-06-22 07:23:14',47,48,119,'glyphicon glyphicon-globe'),(131,'Mayabeque',NULL,1,'2018-06-22 07:23:45','2018-06-22 07:23:45',50,73,74,'glyphicon glyphicon-globe'),(132,'Bejucal','01',1,'2018-06-22 07:24:05','2018-06-22 07:24:05',51,52,131,'glyphicon glyphicon-globe'),(133,'San Jos de las Lajas','02',1,'2018-06-22 07:24:14','2018-06-22 07:24:14',53,54,131,'glyphicon glyphicon-globe'),(134,'Jaruco','03',1,'2018-06-22 07:24:22','2018-06-22 07:24:22',55,56,131,'glyphicon glyphicon-globe'),(135,'Santa Cruz del Norte','04',1,'2018-06-22 07:24:31','2018-06-22 07:24:31',57,58,131,'glyphicon glyphicon-globe'),(136,'Madruga','05',1,'2018-06-22 07:24:45','2018-06-22 07:24:45',59,60,131,'glyphicon glyphicon-globe'),(137,'Nueva Paz','06',1,'2018-06-22 07:24:55','2018-06-22 07:24:55',61,62,131,'glyphicon glyphicon-globe'),(138,'San Nicols','07',1,'2018-06-22 07:25:05','2018-06-22 07:25:05',63,64,131,'glyphicon glyphicon-globe'),(139,'Gines','08',1,'2018-06-22 07:25:13','2018-06-22 07:25:13',65,66,131,'glyphicon glyphicon-globe'),(140,'Melena del Sur','09',1,'2018-06-22 07:25:27','2018-06-22 07:25:27',67,68,131,'glyphicon glyphicon-globe'),(141,'Bataban','10',1,'2018-06-22 07:25:36','2018-06-22 07:25:36',69,70,131,'glyphicon glyphicon-globe'),(142,'Quivicn','11',1,'2018-06-22 07:25:46','2018-06-22 07:25:46',71,72,131,'glyphicon glyphicon-globe'),(143,'La Habana',NULL,1,'2018-06-22 07:26:08','2018-06-22 07:26:08',74,105,74,'glyphicon glyphicon-globe'),(144,'Playa','01',1,'2018-06-22 07:26:25','2018-06-22 07:26:25',75,76,143,'glyphicon glyphicon-globe'),(145,'Plaza de la Revolucin','02',1,'2018-06-22 07:26:34','2018-06-22 07:26:34',77,78,143,'glyphicon glyphicon-globe'),(146,'Centro Habana','03',1,'2018-06-22 07:26:43','2018-06-22 07:26:43',79,80,143,'glyphicon glyphicon-globe'),(147,'Habana Vieja','04',1,'2018-06-22 07:26:53','2018-06-22 07:26:53',81,82,143,'glyphicon glyphicon-globe'),(148,'Regla','05',1,'2018-06-22 07:27:02','2018-06-22 07:27:02',83,84,143,'glyphicon glyphicon-globe'),(149,'Habana del Este','06',1,'2018-06-22 07:27:12','2018-06-22 07:27:12',85,86,143,'glyphicon glyphicon-globe'),(150,'Guanabacoa','07',1,'2018-06-22 07:27:20','2018-06-22 07:27:20',87,88,143,'glyphicon glyphicon-globe'),(151,'San Miguel del Padrn','08',1,'2018-06-22 07:27:29','2018-06-22 07:27:29',89,90,143,'glyphicon glyphicon-globe'),(152,'Diez de Octubre','09',1,'2018-06-22 07:27:39','2018-06-22 07:27:39',91,92,143,'glyphicon glyphicon-globe'),(153,'Cerro','10',1,'2018-06-22 07:27:48','2018-06-22 07:27:48',93,94,143,'glyphicon glyphicon-globe'),(154,'Marianao','11',1,'2018-06-22 07:27:56','2018-06-22 07:27:56',95,96,143,'glyphicon glyphicon-globe'),(155,'La Lisa','12',1,'2018-06-22 07:28:06','2018-06-22 07:28:06',97,98,143,'glyphicon glyphicon-globe'),(156,'Boyeros','13',1,'2018-06-22 07:28:15','2018-06-22 07:28:15',99,100,143,'glyphicon glyphicon-globe'),(157,'Arroyo Naranjo','14',1,'2018-06-22 07:28:24','2018-06-22 07:28:24',101,102,143,'glyphicon glyphicon-globe'),(158,'Cotorro','15',1,'2018-06-22 07:28:31','2018-06-22 07:28:31',103,104,143,'glyphicon glyphicon-globe'),(159,'Matanzas',NULL,1,'2018-06-22 07:28:56','2018-06-22 07:28:56',106,135,74,'glyphicon glyphicon-globe'),(160,'Matanzas','01',1,'2018-06-22 07:29:04','2018-06-22 07:29:04',107,108,159,'glyphicon glyphicon-globe'),(161,'Crdenas','02',1,'2018-06-22 07:30:23','2018-06-22 07:30:23',109,112,159,'glyphicon glyphicon-globe'),(162,'Marti','04',1,'2018-06-22 07:30:35','2018-06-22 07:30:35',113,114,159,'glyphicon glyphicon-globe'),(163,'Coln','05',1,'2018-06-22 07:30:45','2018-06-22 07:30:45',115,116,159,'glyphicon glyphicon-globe'),(164,'Perico','06',1,'2018-06-22 07:30:55','2018-06-22 07:30:55',117,118,159,'glyphicon glyphicon-globe'),(165,'Jovellanos','07',1,'2018-06-22 07:31:03','2018-06-22 07:31:03',119,120,159,'glyphicon glyphicon-globe'),(166,'Pedro Betancourt','08',1,'2018-06-22 07:31:12','2018-06-22 07:31:12',121,122,159,'glyphicon glyphicon-globe'),(167,'Limonar','09',1,'2018-06-22 07:31:20','2018-06-22 07:31:20',123,124,159,'glyphicon glyphicon-globe'),(168,'Unin de Reyes','10',1,'2018-06-22 07:31:30','2018-06-22 07:31:30',125,126,159,'glyphicon glyphicon-globe'),(169,'Cinaga de Zapata','11',1,'2018-06-22 07:31:39','2018-06-22 07:31:39',127,128,159,'glyphicon glyphicon-globe'),(170,'Jagey Grande','12',1,'2018-06-22 07:31:50','2018-06-22 07:31:50',129,130,159,'glyphicon glyphicon-globe'),(171,'Calimete','13',1,'2018-06-22 07:31:59','2018-06-22 07:31:59',131,132,159,'glyphicon glyphicon-globe'),(172,'Los Arabos','14',1,'2018-06-22 07:32:08','2018-06-22 19:04:51',133,134,159,'glyphicon glyphicon-globe'),(173,'Villa Clara',NULL,1,'2018-06-22 07:32:41','2018-06-24 21:59:40',136,163,74,'glyphicon glyphicon-globe'),(174,'Corralillo','01',1,'2018-06-22 07:32:59','2018-06-22 07:32:59',137,138,173,'glyphicon glyphicon-globe'),(175,'Quemado de Gines','02',1,'2018-06-22 07:33:10','2018-06-22 07:33:10',139,140,173,'glyphicon glyphicon-globe'),(176,'Sagua la Grande','03',1,'2018-06-22 07:33:19','2018-06-22 07:33:19',141,142,173,'glyphicon glyphicon-globe'),(177,'Encrucijada','04',1,'2018-06-22 07:33:29','2018-06-22 07:33:29',143,144,173,'glyphicon glyphicon-globe'),(178,'Camajuan','05',1,'2018-06-22 07:33:38','2018-06-22 07:33:38',145,146,173,'glyphicon glyphicon-globe'),(179,'Caibarin','06',1,'2018-06-22 07:33:46','2018-06-22 07:33:46',147,148,173,'glyphicon glyphicon-globe'),(180,'Remedios','07',1,'2018-06-22 07:33:55','2018-06-22 07:33:55',149,150,173,'glyphicon glyphicon-globe'),(181,'Placetas','08',1,'2018-06-22 07:34:03','2018-06-22 07:34:03',151,152,173,'glyphicon glyphicon-globe'),(182,'Santa Clara','09',1,'2018-06-22 07:34:13','2018-06-22 07:34:13',153,154,173,'glyphicon glyphicon-globe'),(183,'Cifuentes','10',1,'2018-06-22 07:34:31','2018-06-22 07:34:31',155,156,173,'glyphicon glyphicon-globe'),(184,'Santo Domingo','11',1,'2018-06-22 07:34:56','2018-06-22 07:34:56',157,158,173,'glyphicon glyphicon-globe'),(185,'Ranchuelo','12',1,'2018-06-22 07:35:05','2018-06-22 07:35:05',159,160,173,'glyphicon glyphicon-globe'),(186,'Manicaragua','13',1,'2018-06-22 07:35:14','2018-06-22 07:35:14',161,162,173,'glyphicon glyphicon-globe'),(187,'Cienfuegos',NULL,1,'2018-06-22 07:35:36','2018-06-22 07:35:36',164,181,74,'glyphicon glyphicon-globe'),(188,'Aguada de Pasajeros','01',1,'2018-06-22 07:35:50','2018-06-22 07:35:50',165,166,187,'glyphicon glyphicon-globe'),(189,'Rodas','02',1,'2018-06-22 07:35:59','2018-06-22 07:35:59',167,168,187,'glyphicon glyphicon-globe'),(190,'Palmira','03',1,'2018-06-22 07:36:08','2018-06-22 07:36:08',169,170,187,'glyphicon glyphicon-globe'),(191,'Lajas','04',1,'2018-06-22 07:36:19','2018-06-22 07:36:19',171,172,187,'glyphicon glyphicon-globe'),(192,'Abreus','05',1,'2018-06-22 07:36:28','2018-06-22 07:36:28',173,174,187,'glyphicon glyphicon-globe'),(193,'Cumanayagua','06',1,'2018-06-22 07:36:38','2018-06-22 07:36:38',175,176,187,'glyphicon glyphicon-globe'),(194,'Cienfuegos','07',1,'2018-06-22 07:36:47','2018-06-22 07:36:47',177,178,187,'glyphicon glyphicon-globe'),(195,'Cruces','08',1,'2018-06-22 07:36:56','2018-06-22 07:36:56',179,180,187,'glyphicon glyphicon-globe'),(196,'Sancti Spritus',NULL,1,'2018-06-22 07:37:11','2018-06-22 07:37:11',182,199,74,'glyphicon glyphicon-globe'),(197,'Yaguajay','01',1,'2018-06-22 07:37:24','2018-06-22 07:37:24',183,184,196,'glyphicon glyphicon-globe'),(198,'Jatibonico','02',1,'2018-06-22 07:37:35','2018-06-22 07:37:35',185,186,196,'glyphicon glyphicon-globe'),(199,'Taguasco','03',1,'2018-06-22 07:37:45','2018-06-22 07:37:45',187,188,196,'glyphicon glyphicon-globe'),(200,'Cabaigun','04',1,'2018-06-22 07:37:54','2018-06-22 07:37:54',189,190,196,'glyphicon glyphicon-globe'),(201,'Fomento','05',1,'2018-06-22 07:38:03','2018-06-22 07:38:03',191,192,196,'glyphicon glyphicon-globe'),(202,'Trinidad','06',1,'2018-06-22 07:38:11','2018-06-22 07:38:11',193,194,196,'glyphicon glyphicon-globe'),(203,'Sancti Spritus','07',1,'2018-06-22 07:38:28','2018-06-22 07:38:28',195,196,196,'glyphicon glyphicon-globe'),(204,'La Sierpe','08',1,'2018-06-22 07:38:39','2018-06-22 07:38:39',197,198,196,'glyphicon glyphicon-globe'),(205,'Ciego de vila',NULL,1,'2018-06-22 07:38:56','2018-06-22 07:38:56',200,221,74,'glyphicon glyphicon-globe'),(206,'Chambas','01',1,'2018-06-22 07:39:10','2018-06-22 07:39:10',201,202,205,'glyphicon glyphicon-globe'),(207,'Morn','02',1,'2018-06-22 07:39:34','2018-06-22 07:39:34',203,204,205,'glyphicon glyphicon-globe'),(208,'Bolivia','03',1,'2018-06-22 07:39:43','2018-06-22 07:39:43',205,206,205,'glyphicon glyphicon-globe'),(209,'Primero de Enero','04',1,'2018-06-22 07:39:53','2018-06-22 07:39:53',207,208,205,'glyphicon glyphicon-globe'),(210,'Ciro Redondo','05',1,'2018-06-22 07:40:01','2018-06-22 07:40:01',209,210,205,'glyphicon glyphicon-globe'),(211,'Florencia','06',1,'2018-06-22 07:40:08','2018-06-22 07:40:08',211,212,205,'glyphicon glyphicon-globe'),(212,'Majagua','07',1,'2018-06-22 07:40:15','2018-06-22 07:40:15',213,214,205,'glyphicon glyphicon-globe'),(213,'Ciego de vila','08',1,'2018-06-22 07:40:24','2018-06-22 07:40:24',215,216,205,'glyphicon glyphicon-globe'),(214,'Venezuela','09',1,'2018-06-22 07:40:31','2018-06-22 07:40:31',217,218,205,'glyphicon glyphicon-globe'),(215,'Baragu','10',1,'2018-06-22 07:40:38','2018-06-22 07:40:38',219,220,205,'glyphicon glyphicon-globe'),(216,'Camagey',NULL,1,'2018-06-22 07:40:58','2018-06-22 07:40:58',222,249,74,'glyphicon glyphicon-globe'),(217,'Carlos Manuel de Cspedes','01',1,'2018-06-22 07:41:17','2018-06-22 07:41:17',223,224,216,'glyphicon glyphicon-globe'),(218,'Esmeralda','02',1,'2018-06-22 07:41:25','2018-06-22 07:41:25',225,226,216,'glyphicon glyphicon-globe'),(219,'Sierra de Cubitas','03',1,'2018-06-22 07:41:35','2018-06-22 07:41:35',227,228,216,'glyphicon glyphicon-globe'),(220,'Minas','04',1,'2018-06-22 07:41:42','2018-06-22 07:41:42',229,230,216,'glyphicon glyphicon-globe'),(221,'Nuevitas','05',1,'2018-06-22 07:41:49','2018-06-22 07:41:49',231,232,216,'glyphicon glyphicon-globe'),(222,'Guimaro','06',1,'2018-06-22 07:41:56','2018-06-22 07:41:56',233,234,216,'glyphicon glyphicon-globe'),(223,'Sibanic','07',1,'2018-06-22 07:42:04','2018-06-22 07:42:04',235,236,216,'glyphicon glyphicon-globe'),(224,'Camagey','08',1,'2018-06-22 07:42:11','2018-06-22 07:42:11',237,238,216,'glyphicon glyphicon-globe'),(225,'Florida','09',1,'2018-06-22 07:42:22','2018-06-22 07:42:22',239,240,216,'glyphicon glyphicon-globe'),(226,'Vertientes','10',1,'2018-06-22 07:42:31','2018-06-22 07:42:31',241,242,216,'glyphicon glyphicon-globe'),(227,'Jimaguay','11',1,'2018-06-22 07:42:39','2018-06-22 07:42:39',243,244,216,'glyphicon glyphicon-globe'),(228,'Najasa','12',1,'2018-06-22 07:42:46','2018-06-22 07:42:46',245,246,216,'glyphicon glyphicon-globe'),(229,'Santa Cruz del Sur','13',1,'2018-06-22 07:42:54','2018-06-22 07:42:54',247,248,216,'glyphicon glyphicon-globe'),(230,'Las Tunas',NULL,1,'2018-06-22 07:43:09','2018-06-22 07:43:09',250,267,74,'glyphicon glyphicon-globe'),(231,'Manat','01',1,'2018-06-22 07:43:23','2018-06-22 07:43:23',251,252,230,'glyphicon glyphicon-globe'),(232,'Puerto Padre','02',1,'2018-06-22 07:43:31','2018-06-22 07:43:31',253,254,230,'glyphicon glyphicon-globe'),(233,'Jess Menndez','03',1,'2018-06-22 07:43:40','2018-06-22 07:43:40',255,256,230,'glyphicon glyphicon-globe'),(234,'Majibacoa','04',1,'2018-06-22 07:43:47','2018-06-22 07:43:47',257,258,230,'glyphicon glyphicon-globe'),(235,'Las Tunas','05',1,'2018-06-22 07:43:57','2018-06-22 07:43:57',259,260,230,'glyphicon glyphicon-globe'),(236,'Jobabo','06',1,'2018-06-22 07:44:03','2018-06-22 07:44:03',261,262,230,'glyphicon glyphicon-globe'),(237,'Colombia','07',1,'2018-06-22 07:44:10','2018-06-22 07:44:10',263,264,230,'glyphicon glyphicon-globe'),(238,'Amancio','08',1,'2018-06-22 07:44:17','2018-06-22 07:44:17',265,266,230,'glyphicon glyphicon-globe'),(239,'Holgun',NULL,1,'2018-06-22 07:44:31','2018-06-22 07:44:31',268,297,74,'glyphicon glyphicon-globe'),(240,'Gibara','01',1,'2018-06-22 07:44:48','2018-06-22 07:44:48',269,270,239,'glyphicon glyphicon-globe'),(241,'Rafael Freyre','02',1,'2018-06-22 07:44:57','2018-06-22 07:44:57',271,272,239,'glyphicon glyphicon-globe'),(242,'Banes','03',1,'2018-06-22 07:45:04','2018-06-22 07:45:04',273,274,239,'glyphicon glyphicon-globe'),(243,'Antilla','04',1,'2018-06-22 07:45:12','2018-06-22 07:45:12',275,276,239,'glyphicon glyphicon-globe'),(244,'Bguanos','05',1,'2018-06-22 07:45:20','2018-06-22 07:45:20',277,278,239,'glyphicon glyphicon-globe'),(245,'Holgun','06',1,'2018-06-22 07:45:28','2018-06-22 07:45:28',279,280,239,'glyphicon glyphicon-globe'),(246,'Calixto Garca','07',1,'2018-06-22 07:45:36','2018-06-22 07:45:36',281,282,239,'glyphicon glyphicon-globe'),(247,'Cacocm','08',1,'2018-06-22 07:45:43','2018-06-22 07:45:43',283,284,239,'glyphicon glyphicon-globe'),(248,'Urbano Noris','09',1,'2018-06-22 07:45:51','2018-06-22 07:45:51',285,286,239,'glyphicon glyphicon-globe'),(249,'Cueto','10',1,'2018-06-22 07:45:58','2018-06-22 07:45:58',287,288,239,'glyphicon glyphicon-globe'),(250,'Mayar','11',1,'2018-06-22 07:46:06','2018-06-22 07:46:06',289,290,239,'glyphicon glyphicon-globe'),(251,'Frank Pas','12',1,'2018-06-22 07:46:15','2018-06-22 07:46:15',291,292,239,'glyphicon glyphicon-globe'),(252,'Sagua de Tnamo','13',1,'2018-06-22 07:46:24','2018-06-22 07:46:24',293,294,239,'glyphicon glyphicon-globe'),(253,'Moa','14',1,'2018-06-22 07:46:32','2018-06-22 07:46:32',295,296,239,'glyphicon glyphicon-globe'),(254,'Granma',NULL,1,'2018-06-22 07:46:46','2018-06-22 07:46:46',298,325,74,'glyphicon glyphicon-globe'),(255,'Ro Cauto','01',1,'2018-06-22 07:47:08','2018-06-22 07:47:08',299,300,254,'glyphicon glyphicon-globe'),(256,'Cauto Cristo','02',1,'2018-06-22 07:47:17','2018-06-22 07:47:17',301,302,254,'glyphicon glyphicon-globe'),(257,'Jiguan','03',1,'2018-06-22 07:47:40','2018-06-22 07:47:40',303,304,254,'glyphicon glyphicon-globe'),(258,'Bayamo','04',1,'2018-06-22 07:47:48','2018-06-22 07:47:48',305,306,254,'glyphicon glyphicon-globe'),(259,'Yara','05',1,'2018-06-22 07:47:57','2018-06-22 07:47:57',307,308,254,'glyphicon glyphicon-globe'),(260,'Manzanillo','06',1,'2018-06-22 07:48:03','2018-06-22 07:48:03',309,310,254,'glyphicon glyphicon-globe'),(261,'Campechuela','07',1,'2018-06-22 07:48:10','2018-06-22 07:48:10',311,312,254,'glyphicon glyphicon-globe'),(262,'Media Luna','08',1,'2018-06-22 07:48:19','2018-06-22 07:48:19',313,314,254,'glyphicon glyphicon-globe'),(263,'Niquero','09',1,'2018-06-22 07:48:27','2018-06-22 07:48:27',315,316,254,'glyphicon glyphicon-globe'),(264,'Piln','10',1,'2018-06-22 07:48:34','2018-06-22 07:48:34',317,318,254,'glyphicon glyphicon-globe'),(265,'Bartolom Mas','11',1,'2018-06-22 07:48:43','2018-06-22 07:48:43',319,320,254,'glyphicon glyphicon-globe'),(266,'Buey Arriba','12',1,'2018-06-22 07:48:55','2018-06-22 07:48:55',321,322,254,'glyphicon glyphicon-globe'),(267,'Guisa','13',1,'2018-06-22 07:49:05','2018-06-22 07:49:05',323,324,254,'glyphicon glyphicon-globe'),(268,'Santiago de Cuba',NULL,1,'2018-06-22 07:49:25','2018-06-22 07:49:25',326,345,74,'glyphicon glyphicon-globe'),(269,'Contramaestre','01',1,'2018-06-22 07:49:43','2018-06-22 07:49:43',327,328,268,'glyphicon glyphicon-globe'),(270,'Mella','02',1,'2018-06-22 07:49:49','2018-06-22 07:49:49',329,330,268,'glyphicon glyphicon-globe'),(271,'San Luis','03',1,'2018-06-22 07:49:59','2018-06-22 07:49:59',331,332,268,'glyphicon glyphicon-globe'),(272,'Segundo Frente','04',1,'2018-06-22 07:50:08','2018-06-22 07:50:08',333,334,268,'glyphicon glyphicon-globe'),(273,'Songo - La Maya','05',1,'2018-06-22 07:50:17','2018-06-22 07:50:17',335,336,268,'glyphicon glyphicon-globe'),(274,'Santiago de Cuba','06',1,'2018-06-22 07:50:26','2018-06-22 07:50:26',337,338,268,'glyphicon glyphicon-globe'),(275,'Palma Soriano','07',1,'2018-06-22 07:50:36','2018-06-22 07:50:36',339,340,268,'glyphicon glyphicon-globe'),(276,'Tercer Frente','08',1,'2018-06-22 07:50:44','2018-06-22 07:50:44',341,342,268,'glyphicon glyphicon-globe'),(277,'Guam','09',1,'2018-06-22 07:50:54','2018-06-22 07:50:54',343,344,268,'glyphicon glyphicon-globe'),(278,'Guantnamo',NULL,1,'2018-06-22 07:51:16','2018-06-22 07:51:16',346,367,74,'glyphicon glyphicon-globe'),(279,'El Salvador','01',1,'2018-06-22 07:51:31','2018-06-22 07:51:31',347,348,278,'glyphicon glyphicon-globe'),(280,'Guantnamo','02',1,'2018-06-22 07:51:39','2018-06-22 07:51:39',349,350,278,'glyphicon glyphicon-globe'),(281,'Yateras','03',1,'2018-06-22 07:51:46','2018-06-22 07:51:46',351,352,278,'glyphicon glyphicon-globe'),(282,'Baracoa','04',1,'2018-06-22 07:51:53','2018-06-22 07:51:53',353,354,278,'glyphicon glyphicon-globe'),(283,'Mais','05',1,'2018-06-22 07:52:00','2018-06-22 07:52:00',355,356,278,'glyphicon glyphicon-globe'),(284,'Imas','06',1,'2018-06-22 07:52:07','2018-06-22 07:52:07',357,358,278,'glyphicon glyphicon-globe'),(285,'San Antonio del Sur','07',1,'2018-06-22 07:52:17','2018-06-22 07:52:17',359,360,278,'glyphicon glyphicon-globe'),(286,'Manuel Tames','08',1,'2018-06-22 07:52:26','2018-06-22 07:52:26',361,362,278,'glyphicon glyphicon-globe'),(287,'Caimanera','09',1,'2018-06-22 07:52:33','2018-06-22 07:52:33',363,364,278,'glyphicon glyphicon-globe'),(288,'Niceto Prez','10',1,'2018-06-22 07:52:45','2018-06-22 07:52:45',365,366,278,'glyphicon glyphicon-globe'),(289,'Isla de la Juventud','99',1,'2018-06-22 07:53:22','2018-06-25 00:27:51',368,369,74,'glyphicon glyphicon-globe'),(348,'Italia','ITA',0,'2018-06-24 06:11:05','2018-06-25 18:34:49',371,374,NULL,'glyphicon glyphicon-leaf'),(349,'Espaa','ESP',0,'2018-06-24 06:11:14','2018-07-14 17:30:05',375,380,NULL,'glyphicon glyphicon-star-empty'),(350,'Madrid','01',1,'2018-06-24 17:04:49','2018-06-24 20:49:33',376,377,349,'glyphicon glyphicon-globe'),(351,'Barcelona','02',0,'2018-06-24 20:47:52','2018-06-24 20:49:51',378,379,349,'glyphicon glyphicon-globe'),(363,'Varadero','01',1,'2018-06-27 23:28:56','2018-06-27 23:28:56',110,111,161,'glyphicon glyphicon-globe'),(364,'Roma','01',1,'2018-06-29 04:07:58','2018-06-29 04:07:58',372,373,348,'glyphicon glyphicon-road');

/*Table structure for table `markets` */

DROP TABLE IF EXISTS `markets`;

CREATE TABLE `markets` (
  `id` int(10) unsigned NOT NULL AUTO_INCREMENT,
  `name` varchar(191) COLLATE utf8mb4_unicode_ci NOT NULL,
  `description` varchar(191) COLLATE utf8mb4_unicode_ci DEFAULT NULL,
  `code` varchar(191) COLLATE utf8mb4_unicode_ci NOT NULL,
  `active` tinyint(1) NOT NULL DEFAULT '0',
  `created_at` timestamp NULL DEFAULT NULL,
  `updated_at` timestamp NULL DEFAULT NULL,
  PRIMARY KEY (`id`)
) ENGINE=InnoDB AUTO_INCREMENT=6 DEFAULT CHARSET=utf8mb4 COLLATE=utf8mb4_unicode_ci;

/*Data for the table `markets` */

insert  into `markets`(`id`,`name`,`description`,`code`,`active`,`created_at`,`updated_at`) values (1,'Base',NULL,'',1,NULL,NULL),(2,'German',NULL,'GER',1,'2018-07-24 22:33:56','2018-07-24 22:34:19'),(3,'Spanish',NULL,'ESP',1,'2018-07-24 22:34:58','2018-07-24 22:36:19'),(4,'English',NULL,'ING',1,'2018-07-24 22:35:48','2018-07-24 22:35:48'),(5,'Italian',NULL,'ITA',1,'2018-07-24 23:14:56','2018-07-24 23:14:56');

/*Table structure for table `migrations` */

DROP TABLE IF EXISTS `migrations`;

CREATE TABLE `migrations` (
  `id` int(10) unsigned NOT NULL AUTO_INCREMENT,
  `migration` varchar(255) COLLATE utf8mb4_unicode_ci NOT NULL,
  `batch` int(11) NOT NULL,
  PRIMARY KEY (`id`)
) ENGINE=InnoDB AUTO_INCREMENT=149 DEFAULT CHARSET=utf8mb4 COLLATE=utf8mb4_unicode_ci;

/*Data for the table `migrations` */

insert  into `migrations`(`id`,`migration`,`batch`) values (13,'2014_10_12_000000_create_users_table',1),(14,'2014_10_12_100000_create_password_resets_table',1),(15,'2018_05_05_003827_create_roles_table',1),(16,'2018_05_05_004029_create_role_user_table',1),(17,'2018_05_05_104909_add_username_to_users',1),(18,'2018_05_19_021658_add_active_to_users',2),(22,'2018_05_20_001156_create_brands_table',3),(23,'2018_05_20_045836_create_table_categories',4),(25,'2018_05_24_232152_update_description_type',5),(26,'2018_06_06_190644_add_category_id_to_brands',6),(27,'2018_06_06_193221_add_image_to_brands',7),(28,'2018_06_16_050516_rename_car_tables',8),(29,'2018_06_16_053034_car_brands_rename_category_id',9),(30,'2018_06_16_170131_create_table_hotel_pax_types',10),(31,'2018_06_17_042713_create_table_hotel_room_types',11),(36,'2018_06_19_003337_create_table_hotel_board_types',12),(37,'2018_06_19_193826_create_table_locations',12),(38,'2018_06_22_035525_add_icon_to_locations',13),(40,'2018_06_22_061440_update_locations_set_code_nullable',14),(41,'2018_06_26_033222_create_table_hotels_chain',15),(42,'2018_06_26_204953_create_table_hotels',16),(43,'2018_06_27_043328_update_hotels_set_locations_nullable',17),(45,'2018_07_13_051222_update_hotel_pax_types_set_age_to_decimal',18),(49,'2018_07_17_220906_create_hotel_hotel_board_type',19),(50,'2018_07_17_221215_create_hotel_hotel_room_type',19),(51,'2018_07_17_221230_create_hotel_hotel_pax_type',19),(52,'2018_07_19_155155_create_hotel_hotel_image',20),(53,'2018_07_20_051344_add_size_to_hotel_image',21),(54,'2018_07_20_052853_add_mime_to_hotel_image',22),(55,'2018_07_21_053948_add_email_to_hotels',23),(56,'2018_07_22_192447_create_table_hotel_contracts',24),(58,'2018_07_22_211857_rename_tables_associated_with_contracts',25),(60,'2018_07_23_050606_update_contract_id_fields',26),(61,'2018_07_23_180635_update_hotel_contracts_add_status',27),(62,'2018_07_24_221632_create_table_markets',28),(69,'2018_07_24_230512_update_users_add_market_id',29),(75,'2018_07_28_193114_create_table_hotel_contract_settings',30),(79,'2018_07_31_031940_create_table_hotel_measures',31),(80,'2018_07_31_041153_create_table_hotel_contract_measure',31),(81,'2018_08_02_063916_redefine_table_contract_settings',32),(82,'2018_08_02_171634_update_hotel_measures_add_code',33),(83,'2018_08_12_183743_update_users_remove_market_asociation',34),(86,'2018_08_12_193049_create_table_hotel_contract_rates',35),(97,'2018_08_26_215531_update_hotel_contract_settings_rename_column_hotel_contract_id_to_hotel_contract_market_id',36),(98,'2018_08_28_070318_set_engine_innodb',36),(120,'2018_08_28_071819_add_foreign_keys',37),(134,'2018_08_28_202447_add_more_foreign_keys',38),(136,'2018_08_28_234357_update_hotel_contract_settings_add_index',39),(148,'2018_09_02_212100_create_table_hotel_contract_client',40);

/*Table structure for table `password_resets` */

DROP TABLE IF EXISTS `password_resets`;

CREATE TABLE `password_resets` (
  `email` varchar(191) COLLATE utf8mb4_unicode_ci NOT NULL,
  `token` varchar(191) COLLATE utf8mb4_unicode_ci NOT NULL,
  `created_at` timestamp NULL DEFAULT NULL,
  KEY `password_resets_email_index` (`email`)
) ENGINE=InnoDB DEFAULT CHARSET=utf8mb4 COLLATE=utf8mb4_unicode_ci;

/*Data for the table `password_resets` */

/*Table structure for table `role_user` */

DROP TABLE IF EXISTS `role_user`;

CREATE TABLE `role_user` (
  `id` int(10) unsigned NOT NULL AUTO_INCREMENT,
  `role_id` int(10) unsigned NOT NULL,
  `user_id` int(10) unsigned NOT NULL,
  `created_at` timestamp NULL DEFAULT NULL,
  `updated_at` timestamp NULL DEFAULT NULL,
  PRIMARY KEY (`id`),
  KEY `role_user_role_id_foreign` (`role_id`),
  KEY `role_user_user_id_foreign` (`user_id`),
  CONSTRAINT `role_user_role_id_foreign` FOREIGN KEY (`role_id`) REFERENCES `roles` (`id`) ON DELETE CASCADE,
  CONSTRAINT `role_user_user_id_foreign` FOREIGN KEY (`user_id`) REFERENCES `users` (`id`) ON DELETE CASCADE
) ENGINE=InnoDB AUTO_INCREMENT=90 DEFAULT CHARSET=utf8mb4 COLLATE=utf8mb4_unicode_ci;

/*Data for the table `role_user` */

insert  into `role_user`(`id`,`role_id`,`user_id`,`created_at`,`updated_at`) values (2,1,2,'2018-05-05 11:03:01','2018-05-05 11:03:01'),(19,2,39,'2018-05-12 02:07:42','2018-05-12 02:07:42'),(20,1,40,'2018-05-12 02:09:13','2018-05-12 02:09:13'),(46,1,63,'2018-05-14 02:20:49','2018-05-14 02:20:49'),(72,2,88,'2018-05-19 19:15:30','2018-05-19 19:15:30'),(87,1,83,'2018-07-25 05:08:09','2018-07-25 05:08:09'),(88,3,89,'2018-09-03 00:36:50','2018-09-03 00:36:50'),(89,3,90,'2018-09-15 19:10:46','2018-09-15 19:10:46');

/*Table structure for table `roles` */

DROP TABLE IF EXISTS `roles`;

CREATE TABLE `roles` (
  `id` int(10) unsigned NOT NULL AUTO_INCREMENT,
  `name` varchar(191) COLLATE utf8mb4_unicode_ci NOT NULL,
  `description` varchar(191) COLLATE utf8mb4_unicode_ci NOT NULL,
  `created_at` timestamp NULL DEFAULT NULL,
  `updated_at` timestamp NULL DEFAULT NULL,
  PRIMARY KEY (`id`)
) ENGINE=InnoDB AUTO_INCREMENT=4 DEFAULT CHARSET=utf8mb4 COLLATE=utf8mb4_unicode_ci;

/*Data for the table `roles` */

insert  into `roles`(`id`,`name`,`description`,`created_at`,`updated_at`) values (1,'administrator','Administrator','2018-05-05 11:03:01','2018-05-05 11:03:01'),(2,'commercial','Commercial','2018-05-05 11:03:01','2018-05-05 11:03:01'),(3,'client','Client',NULL,NULL);

/*Table structure for table `users` */

DROP TABLE IF EXISTS `users`;

CREATE TABLE `users` (
  `id` int(10) unsigned NOT NULL AUTO_INCREMENT,
  `name` varchar(191) COLLATE utf8mb4_unicode_ci NOT NULL,
  `email` varchar(191) COLLATE utf8mb4_unicode_ci NOT NULL,
  `password` varchar(191) COLLATE utf8mb4_unicode_ci NOT NULL,
  `remember_token` varchar(100) COLLATE utf8mb4_unicode_ci DEFAULT NULL,
  `created_at` timestamp NULL DEFAULT NULL,
  `updated_at` timestamp NULL DEFAULT NULL,
  `username` varchar(191) COLLATE utf8mb4_unicode_ci NOT NULL,
  `active` tinyint(1) NOT NULL DEFAULT '0',
  PRIMARY KEY (`id`),
  UNIQUE KEY `users_email_unique` (`email`),
  UNIQUE KEY `users_username_unique` (`username`)
) ENGINE=InnoDB AUTO_INCREMENT=91 DEFAULT CHARSET=utf8mb4 COLLATE=utf8mb4_unicode_ci;

/*Data for the table `users` */

insert  into `users`(`id`,`name`,`email`,`password`,`remember_token`,`created_at`,`updated_at`,`username`,`active`) values (2,'Admin','admin@example.com','$2y$10$FAfFfWPJ62MNRNAgd16oTu3dxsBjkuc14j8k.jy5qIOSh2gQcT63G','NkjinVtCeMHvovCncIsGTKm9R1euOr5wxj4rrupHdviM9L5NxRrTMArxwGv1','2018-05-05 11:03:01','2018-07-22 14:44:42','admin',1),(39,'Yairis','yairis@rtt.com','$2y$10$xKCmjhYRiLbqTiEbCAkeJeRv31zYKDNuqeD0HZMv/mVsVHjsLbWsq',NULL,'2018-05-12 02:07:42','2018-07-22 14:44:12','yairis',1),(40,'Ariadna','ariadna@rtt.com','$2y$10$Th6szVzluWg852NkXqH3YuYv/d2dqRElowhifMRUIYvOGLOa6kpxe',NULL,'2018-05-12 02:09:13','2018-07-25 05:02:04','ariadna',1),(63,'Osvaldo','osvaldo@rtt.com','$2y$10$4ssRxJTzrZjKUdTZV7oUne5QAD63slVkF47.1cRpAxrFScodclVbC',NULL,'2018-05-14 02:20:49','2018-07-22 14:44:25','osvaldo',1),(83,'Froylan','nino@rtt.com','$2y$10$8cSMzEtPlIuDxj8SNVsz7exCQvyr.bZm0Rm2i/sbGAIGizOrI68QW',NULL,'2018-05-18 21:56:08','2018-07-25 05:08:55','nino',0),(88,'Renier','renier@rtt.com','$2y$10$qOCv4ht0ZQFr5JwPIQjhve1xEPSEbdkAyONUZe95B2rA1thOGCpVi','NzzpGviJlDdmgFJDIdZ1lz0e2dR36G57xGnnNw98AYZSVI3lDrjTOJVos0yp','2018-05-19 19:15:30','2018-07-22 14:44:18','renier',0),(89,'Client1','client1@gmail.com','$2y$10$jdVb0ynbt6WxxzOi3yNYsu6n1.xIrtG7mvasPo1tkH6Z25s6Sglp2','VmL3UGeuYZ3k3l25emmZlLdysLkJx0dxcCZbQWU6iURYD5jMoAURFRrRPnkJ','2018-09-03 00:36:50','2018-09-03 00:36:50','client1',1),(90,'Client2','client2@rtt.com','$2y$10$.U77hFB/GBPV1NsL0nHmdedd8zwSUg6hxaSdgOPJR3xUuwy0eTOp6','kzsBLqDD73PAy12oZnj9MPpUWXQWR1AZ4EgGeZk2qkorDBQb9vVwRuJ5YPPe','2018-09-15 19:10:46','2018-09-15 19:14:55','client2',1);

/*!40101 SET SQL_MODE=@OLD_SQL_MODE */;
/*!40014 SET FOREIGN_KEY_CHECKS=@OLD_FOREIGN_KEY_CHECKS */;
/*!40014 SET UNIQUE_CHECKS=@OLD_UNIQUE_CHECKS */;
/*!40111 SET SQL_NOTES=@OLD_SQL_NOTES */;
